#include "person_detect_model_data.h"

// TFLite 模型数据 (大小：19168 字节)
alignas(8) const unsigned char person_detect_model_data[] = {
    0x1c, 0x00, 0x00, 0x00, 0x54, 0x46, 0x4c, 0x33, 0x14, 0x00, 0x20, 0x00,
    0x1c, 0x00, 0x18, 0x00, 0x14, 0x00, 0x10, 0x00, 0x0c, 0x00, 0x00, 0x00,
    0x08, 0x00, 0x04, 0x00, 0x14, 0x00, 0x00, 0x00, 0x1c, 0x00, 0x00, 0x00,
    0x8c, 0x00, 0x00, 0x00, 0xe4, 0x00, 0x00, 0x00, 0xd0, 0x38, 0x00, 0x00,
    0xe0, 0x38, 0x00, 0x00, 0x2c, 0x4a, 0x00, 0x00, 0x03, 0x00, 0x00, 0x00,
    0x01, 0x00, 0x00, 0x00, 0x04, 0x00, 0x00, 0x00, 0x9e, 0xc4, 0xff, 0xff,
    0x0c, 0x00, 0x00, 0x00, 0x1c, 0x00, 0x00, 0x00, 0x3c, 0x00, 0x00, 0x00,
    0x0f, 0x00, 0x00, 0x00, 0x73, 0x65, 0x72, 0x76, 0x69, 0x6e, 0x67, 0x5f,
    0x64, 0x65, 0x66, 0x61, 0x75, 0x6c, 0x74, 0x00, 0x01, 0x00, 0x00, 0x00,
    0x04, 0x00, 0x00, 0x00, 0x90, 0xff, 0xff, 0xff, 0x1a, 0x00, 0x00, 0x00,
    0x04, 0x00, 0x00, 0x00, 0x08, 0x00, 0x00, 0x00, 0x6f, 0x75, 0x74, 0x70,
    0x75, 0x74, 0x5f, 0x30, 0x00, 0x00, 0x00, 0x00, 0x01, 0x00, 0x00, 0x00,
    0x04, 0x00, 0x00, 0x00, 0xf6, 0xc6, 0xff, 0xff, 0x04, 0x00, 0x00, 0x00,
    0x0c, 0x00, 0x00, 0x00, 0x6b, 0x65, 0x72, 0x61, 0x73, 0x5f, 0x74, 0x65,
    0x6e, 0x73, 0x6f, 0x72, 0x00, 0x00, 0x00, 0x00, 0x02, 0x00, 0x00, 0x00,
    0x34, 0x00, 0x00, 0x00, 0x04, 0x00, 0x00, 0x00, 0xdc, 0xff, 0xff, 0xff,
    0x1d, 0x00, 0x00, 0x00, 0x04, 0x00, 0x00, 0x00, 0x13, 0x00, 0x00, 0x00,
    0x43, 0x4f, 0x4e, 0x56, 0x45, 0x52, 0x53, 0x49, 0x4f, 0x4e, 0x5f, 0x4d,
    0x45, 0x54, 0x41, 0x44, 0x41, 0x54, 0x41, 0x00, 0x08, 0x00, 0x0c, 0x00,
    0x08, 0x00, 0x04, 0x00, 0x08, 0x00, 0x00, 0x00, 0x1c, 0x00, 0x00, 0x00,
    0x04, 0x00, 0x00, 0x00, 0x13, 0x00, 0x00, 0x00, 0x6d, 0x69, 0x6e, 0x5f,
    0x72, 0x75, 0x6e, 0x74, 0x69, 0x6d, 0x65, 0x5f, 0x76, 0x65, 0x72, 0x73,
    0x69, 0x6f, 0x6e, 0x00, 0x1e, 0x00, 0x00, 0x00, 0xe8, 0x37, 0x00, 0x00,
    0xe0, 0x37, 0x00, 0x00, 0x50, 0x37, 0x00, 0x00, 0xc0, 0x36, 0x00, 0x00,
    0x70, 0x36, 0x00, 0x00, 0x38, 0x36, 0x00, 0x00, 0x1c, 0x36, 0x00, 0x00,
    0x00, 0x36, 0x00, 0x00, 0xe4, 0x35, 0x00, 0x00, 0xd4, 0x1d, 0x00, 0x00,
    0x44, 0x16, 0x00, 0x00, 0x34, 0x11, 0x00, 0x00, 0x24, 0x01, 0x00, 0x00,
    0x10, 0x01, 0x00, 0x00, 0xfc, 0x00, 0x00, 0x00, 0xf4, 0x00, 0x00, 0x00,
    0xec, 0x00, 0x00, 0x00, 0xe4, 0x00, 0x00, 0x00, 0xdc, 0x00, 0x00, 0x00,
    0xd4, 0x00, 0x00, 0x00, 0xcc, 0x00, 0x00, 0x00, 0xc4, 0x00, 0x00, 0x00,
    0xbc, 0x00, 0x00, 0x00, 0xb4, 0x00, 0x00, 0x00, 0xac, 0x00, 0x00, 0x00,
    0xa4, 0x00, 0x00, 0x00, 0x9c, 0x00, 0x00, 0x00, 0x94, 0x00, 0x00, 0x00,
    0x74, 0x00, 0x00, 0x00, 0x04, 0x00, 0x00, 0x00, 0xea, 0xc7, 0xff, 0xff,
    0x04, 0x00, 0x00, 0x00, 0x60, 0x00, 0x00, 0x00, 0x10, 0x00, 0x00, 0x00,
    0x00, 0x00, 0x00, 0x00, 0x08, 0x00, 0x0e, 0x00, 0x08, 0x00, 0x04, 0x00,
    0x08, 0x00, 0x00, 0x00, 0x10, 0x00, 0x00, 0x00, 0x24, 0x00, 0x00, 0x00,
    0x00, 0x00, 0x06, 0x00, 0x08, 0x00, 0x04, 0x00, 0x06, 0x00, 0x00, 0x00,
    0x04, 0x00, 0x00, 0x00, 0x00, 0x00, 0x00, 0x00, 0x0c, 0x00, 0x18, 0x00,
    0x14, 0x00, 0x10, 0x00, 0x0c, 0x00, 0x04, 0x00, 0x0c, 0x00, 0x00, 0x00,
    0x12, 0xea, 0x16, 0xa5, 0x77, 0x7a, 0xa1, 0xe9, 0x02, 0x00, 0x00, 0x00,
    0x02, 0x00, 0x00, 0x00, 0x04, 0x00, 0x00, 0x00, 0x06, 0x00, 0x00, 0x00,
    0x32, 0x2e, 0x32, 0x31, 0x2e, 0x30, 0x00, 0x00, 0x56, 0xc8, 0xff, 0xff,
    0x04, 0x00, 0x00, 0x00, 0x10, 0x00, 0x00, 0x00, 0x31, 0x2e, 0x31, 0x30,
    0x2e, 0x30, 0x00, 0x00, 0x00, 0x00, 0x00, 0x00, 0x00, 0x00, 0x00, 0x00,
    0xec, 0xb7, 0xff, 0xff, 0xf0, 0xb7, 0xff, 0xff, 0xf4, 0xb7, 0xff, 0xff,
    0xf8, 0xb7, 0xff, 0xff, 0xfc, 0xb7, 0xff, 0xff, 0x00, 0xb8, 0xff, 0xff,
    0x04, 0xb8, 0xff, 0xff, 0x08, 0xb8, 0xff, 0xff, 0x0c, 0xb8, 0xff, 0xff,
    0x10, 0xb8, 0xff, 0xff, 0x14, 0xb8, 0xff, 0xff, 0x18, 0xb8, 0xff, 0xff,
    0x1c, 0xb8, 0xff, 0xff, 0xa6, 0xc8, 0xff, 0xff, 0x04, 0x00, 0x00, 0x00,
    0x04, 0x00, 0x00, 0x00, 0xfd, 0xff, 0xff, 0xff, 0xb6, 0xc8, 0xff, 0xff,
    0x04, 0x00, 0x00, 0x00, 0x04, 0x00, 0x00, 0x00, 0x01, 0x00, 0x00, 0x00,
    0xc6, 0xc8, 0xff, 0xff, 0x04, 0x00, 0x00, 0x00, 0x00, 0x10, 0x00, 0x00,
    0x8e, 0xe5, 0x9d, 0xbd, 0x16, 0xe1, 0x9f, 0xbe, 0xce, 0x6d, 0x9f, 0x3d,
    0x31, 0x85, 0x0d, 0x3e, 0xbb, 0x04, 0x41, 0xbd, 0x2f, 0x47, 0x5c, 0xbc,
    0x42, 0x7a, 0x45, 0x3d, 0xe4, 0xfb, 0x94, 0xbe, 0xa4, 0x65, 0x6f, 0xbe,
    0x93, 0x6e, 0xb0, 0xbd, 0x83, 0x52, 0x95, 0xbe, 0xb2, 0xcf, 0x82, 0x3e,
    0x4d, 0xc6, 0x0e, 0x3e, 0x21, 0x89, 0x66, 0x3e, 0x50, 0x5e, 0xd2, 0xbd,
    0x16, 0x08, 0xab, 0xbb, 0xb4, 0x40, 0x81, 0x3e, 0x16, 0xd5, 0x25, 0xbe,
    0xfe, 0xec, 0x92, 0xbd, 0x08, 0x52, 0xae, 0xbd, 0xd4, 0xe2, 0x92, 0xbe,
    0xc0, 0x03, 0x27, 0xbe, 0xba, 0x59, 0x34, 0xbe, 0x15, 0x64, 0x3f, 0x3e,
    0x7a, 0x02, 0x59, 0x3e, 0x48, 0x2f, 0x53, 0x3c, 0xcd, 0x2a, 0x22, 0x3e,
    0x1a, 0xcc, 0x35, 0xbe, 0xc2, 0x95, 0xc7, 0x3d, 0xe8, 0x1c, 0xf8, 0xbc,
    0x87, 0x7d, 0x57, 0x3e, 0x2c, 0xb2, 0x7e, 0xbe, 0xea, 0x49, 0x24, 0x3e,
    0x8e, 0x4f, 0x63, 0xbe, 0x8c, 0x8d, 0x30, 0xbe, 0xc0, 0xb7, 0xd7, 0x3d,
    0xca, 0x24, 0x0f, 0x3e, 0x38, 0x48, 0x8c, 0xbe, 0x68, 0x82, 0x13, 0xbe,
    0x38, 0x05, 0x99, 0xbe, 0xf0, 0xb9, 0x0b, 0xbe, 0x3c, 0x11, 0x7b, 0xbe,
    0x14, 0xf9, 0x36, 0xbe, 0x0a, 0x61, 0x72, 0xbe, 0xfe, 0xc0, 0x0e, 0x3e,
    0x58, 0x11, 0x51, 0x3d, 0x32, 0x5e, 0x37, 0x3e, 0xf0, 0x40, 0xdd, 0xbc,
    0x14, 0xb4, 0xb8, 0x3d, 0xb6, 0x62, 0x65, 0xbe, 0x1a, 0x9e, 0x0e, 0x3e,
    0x09, 0x3e, 0x64, 0xbe, 0x10, 0x1a, 0xa6, 0x3c, 0xe0, 0x9f, 0x88, 0x3d,
    0xcd, 0xea, 0x89, 0x3e, 0xce, 0x96, 0x11, 0xbe, 0x00, 0x36, 0x4f, 0xbd,
    0x56, 0xca, 0x75, 0x3e, 0xbc, 0x28, 0xaa, 0xbd, 0xa4, 0x0e, 0xaf, 0x3d,
    0xd5, 0x36, 0x6b, 0xbe, 0xe3, 0x53, 0x94, 0x3e, 0x94, 0x26, 0x99, 0x3d,
    0x66, 0xb2, 0x8a, 0xbe, 0x9d, 0xf2, 0x0e, 0xbc, 0x8d, 0xae, 0x63, 0x3e,
    0xa4, 0xfc, 0x85, 0x3e, 0x7d, 0x09, 0x4e, 0xbe, 0x4d, 0x93, 0x1e, 0x3e,
    0x03, 0x33, 0x25, 0xbe, 0x62, 0x39, 0x3e, 0x3d, 0xb8, 0x77, 0x6a, 0x3e,
    0x4e, 0xef, 0xa5, 0x3e, 0x2b, 0xba, 0x3f, 0x3e, 0x6f, 0x2d, 0x6b, 0xbc,
    0x92, 0x2c, 0x5c, 0xbe, 0x36, 0x46, 0x9d, 0xbe, 0x80, 0x27, 0x8c, 0xbe,
    0xbb, 0x1b, 0x09, 0x3e, 0x72, 0xc9, 0x50, 0xbe, 0x89, 0xfc, 0x2e, 0xbe,
    0x55, 0x3d, 0x61, 0xbe, 0xdc, 0x12, 0x4b, 0xbe, 0xad, 0x9c, 0x95, 0xbe,
    0xe8, 0x91, 0x8b, 0x3d, 0xf0, 0x3e, 0xe4, 0x3c, 0x77, 0x6e, 0x40, 0x3e,
    0x97, 0xe4, 0x83, 0xbe, 0xcc, 0x6e, 0x40, 0x3e, 0x3f, 0xe2, 0x82, 0x3e,
    0x51, 0x72, 0x46, 0x3e, 0x8c, 0x30, 0x12, 0x3e, 0xba, 0x61, 0xae, 0x3e,
    0x0b, 0x55, 0x93, 0x3e, 0x7d, 0xfb, 0x17, 0x3e, 0xb6, 0xbb, 0x4b, 0x3e,
    0x49, 0x84, 0x60, 0xbe, 0xd0, 0xb5, 0x80, 0xbd, 0x8b, 0x0b, 0x8b, 0xbe,
    0x0b, 0xbb, 0x44, 0xbe, 0x63, 0xa5, 0x9b, 0x3e, 0x7c, 0x59, 0xb4, 0xbe,
    0xf3, 0xc1, 0xba, 0xbd, 0x12, 0x0b, 0x75, 0x3e, 0x11, 0x73, 0xbe, 0x3d,
    0x2d, 0x61, 0x61, 0x3e, 0x3c, 0xd5, 0x89, 0x3e, 0xc6, 0x9d, 0x6e, 0x3e,
    0xa8, 0x31, 0x7b, 0x3d, 0x16, 0x2e, 0x87, 0x3e, 0x97, 0xdb, 0x14, 0xbd,
    0x48, 0x9d, 0x14, 0x3c, 0x02, 0x6d, 0x65, 0x3e, 0xb7, 0x11, 0x76, 0xbe,
    0x06, 0xb8, 0x89, 0xbd, 0xb3, 0x87, 0x22, 0x3e, 0x51, 0xa4, 0x6d, 0x3e,
    0x0a, 0x4c, 0xb3, 0x3d, 0x63, 0xb5, 0xb3, 0xbe, 0xd3, 0x87, 0x55, 0x3e,
    0x3e, 0xab, 0x37, 0x3d, 0x70, 0x66, 0x98, 0xbe, 0x3e, 0x36, 0x99, 0xbc,
    0x16, 0x80, 0x1e, 0x3e, 0x31, 0xd4, 0x2e, 0xbe, 0xcf, 0x64, 0xac, 0x3d,
    0xdf, 0x58, 0xf5, 0x3d, 0xce, 0x0b, 0x17, 0x3e, 0x0f, 0x24, 0xba, 0xbe,
    0x60, 0x07, 0x7b, 0x3d, 0xe7, 0xe6, 0xeb, 0x3c, 0x27, 0xe6, 0x6e, 0x3e,
    0x32, 0x98, 0x56, 0x3e, 0x31, 0x17, 0x12, 0x3e, 0x48, 0x1f, 0x2f, 0xbe,
    0x69, 0x73, 0xd2, 0xbd, 0xca, 0x96, 0x02, 0x3d, 0x4f, 0x9c, 0x36, 0x3e,
    0xb9, 0xfb, 0xb9, 0x3e, 0x0a, 0x8e, 0x0d, 0x3d, 0x2e, 0xbd, 0x91, 0xbd,
    0x9a, 0xcc, 0x22, 0x3e, 0x62, 0x7f, 0x43, 0xbc, 0xce, 0x47, 0xe5, 0xbd,
    0xba, 0x2e, 0xac, 0x3d, 0xeb, 0x42, 0x03, 0xbe, 0xdf, 0x81, 0x8a, 0xbd,
    0xe9, 0xfe, 0xe8, 0x3d, 0x0f, 0x5b, 0x88, 0xbe, 0xdc, 0x8d, 0x42, 0x3e,
    0x3e, 0x7d, 0xf9, 0xbd, 0xf3, 0xc7, 0x40, 0x3e, 0x99, 0x56, 0x80, 0x3e,
    0xa1, 0x45, 0x84, 0x3e, 0x58, 0xc1, 0xa9, 0xbe, 0x5b, 0xd8, 0xfe, 0x3d,
    0x50, 0xb9, 0x19, 0xbe, 0x50, 0x00, 0xb3, 0x3e, 0x28, 0xcd, 0x02, 0x3e,
    0xa5, 0x1f, 0x73, 0x3e, 0x35, 0x1a, 0x04, 0xbe, 0x72, 0x7c, 0x1d, 0xbe,
    0x7a, 0x18, 0xc3, 0xbd, 0x73, 0xb6, 0xb9, 0xbd, 0xb1, 0xf7, 0xae, 0xbd,
    0xd8, 0xb3, 0x40, 0xbe, 0xa4, 0x1e, 0x59, 0x3e, 0xb8, 0xec, 0xd8, 0x3b,
    0x34, 0x80, 0x12, 0xbd, 0xf7, 0x5b, 0x44, 0xbb, 0x5d, 0x05, 0xef, 0xbd,
    0xea, 0xd4, 0x9e, 0xbe, 0x73, 0xbe, 0xbe, 0x3e, 0x22, 0x16, 0xd7, 0x3e,
    0x1c, 0xba, 0x83, 0x3e, 0xa3, 0x57, 0xae, 0xbd, 0x53, 0xcc, 0xa5, 0xbe,
    0xa4, 0xb4, 0x9b, 0x3e, 0x97, 0x3b, 0x44, 0xbe, 0x6b, 0x49, 0x18, 0x3e,
    0x0d, 0xe4, 0x5f, 0xbe, 0xc7, 0x2d, 0x75, 0xbe, 0xb3, 0x4b, 0x35, 0x3c,
    0x21, 0x7b, 0x94, 0xbd, 0x78, 0x32, 0x5a, 0x3e, 0x73, 0xdd, 0xcd, 0xbd,
    0x24, 0x06, 0xb7, 0x3e, 0x41, 0x0f, 0x60, 0x3d, 0xbf, 0xbb, 0x8d, 0xbd,
    0x37, 0x5e, 0x30, 0xbc, 0x66, 0xd1, 0x16, 0x3e, 0xca, 0xd4, 0x5c, 0x3e,
    0x58, 0xed, 0xc5, 0x3d, 0x31, 0x79, 0x0f, 0x3e, 0xb1, 0xc4, 0x3e, 0xbe,
    0xb9, 0x2d, 0x27, 0x3d, 0x6f, 0x11, 0x95, 0x3e, 0x16, 0x79, 0x82, 0xbe,
    0x7a, 0x06, 0x5b, 0x3e, 0xb5, 0x6b, 0x2a, 0x3e, 0x64, 0x3e, 0xcd, 0x3d,
    0x67, 0x56, 0x51, 0xbd, 0x94, 0xd6, 0xa0, 0x3e, 0x69, 0xa3, 0xa4, 0x3e,
    0x4b, 0x73, 0xf7, 0xbd, 0x80, 0x23, 0x8b, 0x3e, 0x1e, 0x9c, 0xe7, 0x3d,
    0xcc, 0xd2, 0x54, 0xbe, 0xd2, 0xbe, 0x06, 0x3e, 0x24, 0x9a, 0x32, 0xbd,
    0xc6, 0xf9, 0x1f, 0xbc, 0xef, 0x9d, 0x9c, 0xbd, 0xae, 0xef, 0x9f, 0xbd,
    0x87, 0xdf, 0xff, 0x3d, 0x87, 0x65, 0x2b, 0xbe, 0x6c, 0xbe, 0xbe, 0x3d,
    0x88, 0x53, 0xb9, 0x3e, 0x06, 0xbb, 0x5b, 0xbe, 0xa7, 0xcd, 0x24, 0xbe,
    0xa1, 0xff, 0x38, 0x3e, 0x0a, 0xf2, 0x12, 0x3e, 0xd5, 0x28, 0x57, 0x3e,
    0x57, 0xe2, 0x8c, 0xbc, 0xfb, 0x91, 0xc3, 0xbb, 0x6d, 0x47, 0x32, 0xbe,
    0x1a, 0xeb, 0x95, 0xbe, 0x76, 0xbe, 0x58, 0xbe, 0x7d, 0x69, 0xaa, 0xbd,
    0x51, 0x8b, 0xcd, 0xbd, 0x97, 0x09, 0x13, 0xbe, 0xdb, 0x3c, 0x61, 0xbe,
    0x10, 0x71, 0x66, 0xbe, 0xa9, 0xbd, 0x8a, 0xbe, 0x60, 0xd0, 0xf1, 0xbc,
    0xf1, 0x28, 0x66, 0xbe, 0xac, 0x2d, 0x9d, 0xbb, 0xde, 0x27, 0xf6, 0xbd,
    0x06, 0x7f, 0x5f, 0x3e, 0x83, 0x36, 0x70, 0x3e, 0xb2, 0x34, 0x8c, 0x3e,
    0x03, 0x82, 0x24, 0x3e, 0xe5, 0x5f, 0x11, 0xbe, 0x93, 0x40, 0x9c, 0xbe,
    0x59, 0x6d, 0xe3, 0x3d, 0x16, 0x61, 0x88, 0x3e, 0xc5, 0x2f, 0xc9, 0xbd,
    0xbb, 0xbb, 0x83, 0xbe, 0x7a, 0x8d, 0xd3, 0xbd, 0x27, 0x75, 0x18, 0x3e,
    0xa8, 0x70, 0xd8, 0xbc, 0xf7, 0x0c, 0xff, 0x3d, 0xc9, 0x30, 0x64, 0x3e,
    0x9d, 0xdd, 0x9f, 0xbd, 0xf7, 0xc2, 0x2e, 0x3e, 0x24, 0x79, 0x8d, 0xbc,
    0xd1, 0x65, 0x80, 0x3d, 0x9c, 0x17, 0x94, 0x3e, 0x07, 0xb2, 0x6a, 0xbe,
    0x76, 0xa9, 0x95, 0xbe, 0xf2, 0x34, 0x6a, 0x3e, 0x07, 0x7e, 0x79, 0x3e,
    0x86, 0xbb, 0x77, 0x3e, 0x08, 0x42, 0x97, 0xbe, 0x92, 0x04, 0xaa, 0x3e,
    0x0e, 0x1d, 0x41, 0x3e, 0xbf, 0x1d, 0xa1, 0xbc, 0x37, 0x14, 0x8b, 0xbe,
    0xd1, 0xc7, 0x52, 0x3e, 0xa0, 0x5f, 0x19, 0xbe, 0x0e, 0xf4, 0x1c, 0xbe,
    0x24, 0x3a, 0xb6, 0xbd, 0x50, 0x0e, 0x90, 0xbc, 0xbf, 0x12, 0x2f, 0xbd,
    0x18, 0x69, 0xa8, 0xbe, 0x2d, 0x6e, 0x4f, 0x3e, 0x62, 0x9e, 0x61, 0x3e,
    0x21, 0x70, 0x52, 0xbe, 0x1d, 0xbb, 0x7d, 0x3e, 0x80, 0x7b, 0x23, 0x3e,
    0xf8, 0x59, 0x9a, 0x3e, 0xd0, 0x88, 0xbf, 0x3e, 0x67, 0x3b, 0x81, 0x3d,
    0x93, 0xa5, 0x8f, 0x3d, 0x0a, 0xff, 0xa6, 0x3d, 0x13, 0xdb, 0xcb, 0x3e,
    0x25, 0x31, 0x58, 0x3d, 0x5e, 0x2e, 0xad, 0x3e, 0x7f, 0xc2, 0x44, 0x3d,
    0x2d, 0xb3, 0x00, 0xbe, 0x52, 0x89, 0xc3, 0x3e, 0xb7, 0x55, 0x2e, 0x3d,
    0xf2, 0xaf, 0xce, 0xbd, 0x08, 0x97, 0xa6, 0xbe, 0xfb, 0xd3, 0x43, 0x3e,
    0x61, 0xca, 0x84, 0x3e, 0x2d, 0xc8, 0x34, 0x3e, 0x26, 0x30, 0xec, 0xbd,
    0x4d, 0x60, 0x9b, 0x3e, 0x44, 0xa9, 0xb4, 0x3e, 0xe7, 0x09, 0x77, 0xbe,
    0x38, 0x9b, 0xb6, 0x3d, 0x57, 0x04, 0x36, 0xbe, 0x6c, 0x55, 0x26, 0xbe,
    0xe2, 0x2a, 0xa4, 0x3e, 0x6d, 0xb5, 0x83, 0x3e, 0x06, 0xbf, 0x3f, 0xbe,
    0x12, 0xbc, 0xa8, 0xbe, 0xa3, 0x42, 0x69, 0xbe, 0x39, 0x9e, 0x7c, 0x3e,
    0xf0, 0x67, 0xc3, 0x3d, 0xcd, 0x42, 0x10, 0xbe, 0x20, 0x16, 0x8d, 0x3d,
    0x75, 0x79, 0x50, 0x3d, 0x46, 0x37, 0xc3, 0x3d, 0xf6, 0xe3, 0x35, 0x3e,
    0x1d, 0x42, 0x15, 0x3e, 0xd3, 0xd3, 0xec, 0xbd, 0xbc, 0x3c, 0xf9, 0x3d,
    0x37, 0x1d, 0x4a, 0xbd, 0x14, 0x84, 0x44, 0xbd, 0xa9, 0x70, 0x5c, 0xbe,
    0x14, 0xc0, 0x58, 0x3b, 0x8d, 0xa1, 0xd5, 0x3c, 0xee, 0xbd, 0xb7, 0xbb,
    0xea, 0xec, 0x4c, 0xbe, 0x63, 0x2c, 0x4d, 0x3e, 0x46, 0x7c, 0x89, 0xbe,
    0x5b, 0xb6, 0x77, 0x3e, 0x0a, 0xc0, 0x8e, 0xbe, 0x1f, 0x35, 0x69, 0xbe,
    0x3e, 0x61, 0x8f, 0xbb, 0x11, 0xde, 0x8d, 0xbe, 0xbe, 0x69, 0x61, 0xbe,
    0xa7, 0xaf, 0x2b, 0x3e, 0xd7, 0xc7, 0x38, 0x3d, 0x64, 0xe3, 0x8c, 0xbe,
    0x0a, 0x5e, 0xb7, 0xbd, 0x23, 0x4f, 0x61, 0xbd, 0x3b, 0x3f, 0x79, 0xbe,
    0xcc, 0x47, 0xe8, 0xbd, 0x49, 0x5b, 0x11, 0xbe, 0x42, 0x7e, 0x5c, 0xbe,
    0xec, 0x41, 0x7d, 0x3d, 0xf6, 0xd5, 0xb5, 0x3d, 0xb8, 0xd4, 0x01, 0xbe,
    0x01, 0xfe, 0x1d, 0xbe, 0xa0, 0x03, 0xe6, 0xbd, 0x26, 0x1e, 0xf2, 0x3c,
    0xbd, 0x5c, 0x89, 0x3d, 0xae, 0x28, 0x20, 0x3e, 0x57, 0xa6, 0x82, 0x3d,
    0x4b, 0xb7, 0x7c, 0x3e, 0x9a, 0xf9, 0x26, 0xbd, 0xfb, 0x55, 0xd3, 0x3d,
    0x9d, 0xda, 0x89, 0x3e, 0x2d, 0x85, 0x6d, 0x3d, 0xb9, 0x4e, 0x84, 0x3e,
    0xf7, 0x51, 0xf4, 0x3d, 0x99, 0x7e, 0x5e, 0xbe, 0xaf, 0xe7, 0x73, 0x3e,
    0x3c, 0x89, 0x28, 0xbe, 0x0f, 0x44, 0x95, 0x3e, 0x9a, 0x03, 0x28, 0x3e,
    0x88, 0x24, 0x7f, 0xbe, 0xbb, 0xd0, 0x4c, 0xbe, 0xa5, 0xbe, 0x16, 0xbe,
    0x58, 0xa1, 0x99, 0xbe, 0x11, 0xc9, 0x77, 0x3e, 0x1d, 0x9a, 0x24, 0xbe,
    0x5f, 0x57, 0xfa, 0x3d, 0xa9, 0xae, 0x70, 0x3e, 0x68, 0xd4, 0x26, 0xbe,
    0x6f, 0x7c, 0x9f, 0xbd, 0xc7, 0xf4, 0x8d, 0xbe, 0xda, 0x2a, 0x7e, 0xbd,
    0x8c, 0x5c, 0x5b, 0xbe, 0xdb, 0x9c, 0x31, 0x3e, 0x93, 0x21, 0xd4, 0x3d,
    0x6f, 0x22, 0xa0, 0xbe, 0x7d, 0x48, 0x83, 0x3e, 0xc8, 0xac, 0x08, 0x3e,
    0x84, 0x3f, 0x4e, 0xbe, 0xe3, 0xca, 0x67, 0xbd, 0xb1, 0x58, 0xae, 0xbd,
    0xb6, 0x0a, 0x95, 0x3e, 0x4e, 0xd7, 0x85, 0x3e, 0x1a, 0xf6, 0xea, 0x3d,
    0x59, 0x22, 0x32, 0x3d, 0xe0, 0xa9, 0xe5, 0x3d, 0xd9, 0x68, 0x91, 0xbc,
    0xa7, 0x62, 0xef, 0xbd, 0x66, 0x46, 0xff, 0x3d, 0x12, 0x45, 0x93, 0x3e,
    0x1a, 0x15, 0x92, 0xbe, 0xe2, 0x0a, 0xa8, 0xbe, 0xa2, 0xa2, 0xee, 0xbd,
    0x5a, 0x65, 0x8b, 0xbe, 0x30, 0x19, 0x20, 0xbe, 0xcd, 0xe3, 0xa1, 0x3e,
    0x85, 0xfb, 0xed, 0x3d, 0x7f, 0x25, 0x74, 0xbe, 0xa8, 0xbf, 0xe7, 0xbd,
    0x7b, 0x04, 0xcb, 0xbe, 0x1d, 0xe2, 0x4f, 0x3e, 0x00, 0xcf, 0xf3, 0xbd,
    0x72, 0xc2, 0x24, 0x3e, 0xc2, 0x04, 0x7b, 0xbe, 0xc8, 0xb6, 0x07, 0xbc,
    0x2f, 0x59, 0x01, 0x3e, 0x4e, 0x91, 0x3e, 0x3e, 0x10, 0xbd, 0x08, 0x3a,
    0x16, 0xb2, 0xd2, 0x3d, 0x30, 0xff, 0x81, 0x3e, 0x07, 0xe2, 0x08, 0xbd,
    0xbf, 0x88, 0x17, 0xbe, 0x23, 0x72, 0xa8, 0x3e, 0x4a, 0x18, 0x50, 0x3e,
    0x04, 0xdd, 0xa4, 0x3d, 0xb0, 0x84, 0x95, 0xbd, 0xaf, 0x03, 0x75, 0xbe,
    0x30, 0xa8, 0x3a, 0xbd, 0x0f, 0xde, 0x27, 0xbe, 0x64, 0x15, 0xd7, 0x3d,
    0xcb, 0x88, 0x82, 0xbe, 0x74, 0x46, 0x5a, 0xbe, 0x99, 0x3f, 0x82, 0x3e,
    0xcd, 0x1b, 0x82, 0xbe, 0x37, 0x30, 0x13, 0xbe, 0x7f, 0x7a, 0x7c, 0xbe,
    0x95, 0xee, 0x9a, 0x3e, 0xd9, 0x76, 0x93, 0xbe, 0xe6, 0xa0, 0x6e, 0xbe,
    0x7f, 0x7e, 0x9a, 0xbe, 0x62, 0x82, 0x37, 0xbe, 0xc4, 0xec, 0x2e, 0x3e,
    0x10, 0x75, 0xbb, 0xbd, 0x8d, 0x6a, 0x23, 0xbe, 0x88, 0x48, 0x4e, 0xbe,
    0xba, 0x5c, 0x96, 0xbe, 0x00, 0xe4, 0x24, 0xbe, 0xf4, 0x89, 0xdc, 0x3d,
    0xb6, 0x2b, 0x4f, 0x3e, 0x13, 0x60, 0x95, 0x3e, 0xcf, 0x65, 0x96, 0x3e,
    0xd0, 0xa0, 0x7c, 0x3d, 0x80, 0x96, 0x8b, 0xbb, 0x29, 0x52, 0x39, 0xbe,
    0x2c, 0xd5, 0x45, 0x3e, 0x57, 0x75, 0x91, 0xbe, 0xb5, 0xc4, 0xd9, 0x3c,
    0x93, 0x32, 0xbf, 0x3e, 0x03, 0x5f, 0xb0, 0xbe, 0x0f, 0xb9, 0x98, 0x3e,
    0xba, 0xb8, 0xa4, 0x3e, 0x84, 0x2c, 0x74, 0x3e, 0x08, 0x87, 0x61, 0x3e,
    0x46, 0x79, 0x4c, 0x3e, 0x09, 0x1c, 0x44, 0xbe, 0x80, 0x97, 0x52, 0x3e,
    0xae, 0xa6, 0xde, 0xbb, 0x2c, 0xa5, 0x81, 0x3e, 0xb5, 0x6c, 0xc1, 0x3e,
    0x19, 0x31, 0xc6, 0x3e, 0xe1, 0x1f, 0x7a, 0xbe, 0xc7, 0xd2, 0x4d, 0xbe,
    0x78, 0x10, 0xcd, 0xbb, 0xdb, 0x94, 0x48, 0xbe, 0x52, 0x7d, 0x6c, 0xbe,
    0x09, 0xc8, 0x86, 0x3d, 0x71, 0xb0, 0xf2, 0xbc, 0x15, 0xec, 0x44, 0x3c,
    0x8c, 0xb5, 0x3d, 0xbe, 0xe9, 0xe7, 0x87, 0xbe, 0x37, 0x6b, 0xb4, 0xbd,
    0xf7, 0x17, 0x75, 0x3e, 0x35, 0x34, 0x84, 0x3e, 0xf0, 0xdd, 0x1a, 0x3e,
    0x0f, 0x7c, 0x02, 0xbe, 0xb0, 0xd5, 0x95, 0xbd, 0x88, 0xaa, 0xd8, 0xbd,
    0x4d, 0xee, 0x83, 0x3c, 0x34, 0x1a, 0x32, 0xbe, 0xda, 0x33, 0x7c, 0x3e,
    0xa4, 0x95, 0x7e, 0xbe, 0x2b, 0x92, 0x6f, 0xbe, 0x37, 0xf4, 0xc7, 0x3c,
    0x87, 0xe8, 0x25, 0xbe, 0xb0, 0xdd, 0x96, 0x3d, 0x9c, 0x4a, 0x46, 0x3e,
    0x3b, 0xfc, 0xd1, 0xbd, 0xfb, 0xff, 0x78, 0xbe, 0x42, 0x5a, 0x4a, 0x3e,
    0xcb, 0xbc, 0x36, 0x3d, 0xbc, 0x5d, 0x0b, 0xbe, 0x0d, 0x98, 0x4a, 0xbe,
    0x43, 0xab, 0x07, 0x3e, 0xfc, 0xa5, 0x24, 0x3c, 0x7c, 0x05, 0x90, 0x3e,
    0xb5, 0xba, 0x90, 0xbe, 0xff, 0xf6, 0xc3, 0xbc, 0x9a, 0xaf, 0x8a, 0x3e,
    0x0a, 0xf8, 0x33, 0xbe, 0xfe, 0xa3, 0x2f, 0xbe, 0xbe, 0xb6, 0x39, 0xbe,
    0x56, 0xc7, 0x44, 0xbe, 0x5a, 0xe2, 0x8f, 0x3e, 0xff, 0xda, 0x9d, 0x3e,
    0x34, 0x38, 0xcf, 0xbc, 0x9b, 0x55, 0x13, 0xbe, 0xac, 0x27, 0xa8, 0xbc,
    0xb6, 0xbb, 0x8b, 0xbe, 0x5a, 0xcf, 0x16, 0x3d, 0x40, 0x01, 0xaa, 0xbb,
    0x38, 0xbc, 0x04, 0x3e, 0x00, 0xdf, 0x44, 0xbe, 0x98, 0xcb, 0x12, 0xbe,
    0xfe, 0x66, 0xa9, 0xbd, 0x64, 0xad, 0xe4, 0x3d, 0x08, 0x0c, 0x21, 0x3e,
    0x16, 0xff, 0x85, 0xbe, 0x70, 0x44, 0x9d, 0xbc, 0x08, 0xaf, 0x61, 0xbd,
    0x7b, 0xb5, 0x96, 0x3e, 0xf4, 0x45, 0xea, 0x3d, 0xb6, 0xd0, 0x0f, 0xbe,
    0x5c, 0xcd, 0xbf, 0x3d, 0xc6, 0x7e, 0x23, 0x3e, 0xfc, 0x93, 0x97, 0xbe,
    0x46, 0x19, 0x0c, 0x3e, 0x88, 0xe5, 0x73, 0xbe, 0x00, 0xc5, 0xfa, 0xbc,
    0x64, 0x32, 0x33, 0xbe, 0x4f, 0xa9, 0x6d, 0xbe, 0x38, 0x6b, 0x26, 0xbd,
    0x80, 0x44, 0x02, 0x3b, 0x8a, 0x5d, 0x92, 0xbe, 0x51, 0x0c, 0x77, 0xbe,
    0x71, 0xb6, 0x19, 0xbe, 0x30, 0xbf, 0x0e, 0x3d, 0x3b, 0x17, 0x72, 0xbe,
    0xa8, 0xe4, 0x3a, 0x3e, 0x20, 0x4f, 0x5e, 0x3c, 0x2a, 0xe6, 0x43, 0x3e,
    0xee, 0x24, 0x5e, 0x3e, 0x7c, 0x58, 0x63, 0x3e, 0xa9, 0xf6, 0x4e, 0x3d,
    0x88, 0x33, 0x8a, 0xbd, 0x45, 0x68, 0x43, 0x3e, 0x88, 0xe5, 0x47, 0xbe,
    0x78, 0xdb, 0x3a, 0xbe, 0x42, 0x91, 0x95, 0xbd, 0x5d, 0xde, 0x90, 0xbe,
    0x7d, 0x6a, 0x5b, 0xbe, 0x46, 0xd8, 0xf1, 0xbc, 0x73, 0x31, 0x7f, 0x3b,
    0x19, 0x33, 0x97, 0x3c, 0xc8, 0xe2, 0x9b, 0xbc, 0xb0, 0xcf, 0xb0, 0x3d,
    0xe0, 0x7e, 0x21, 0xbe, 0x1b, 0x83, 0x16, 0xbd, 0xc8, 0xc2, 0x48, 0xbe,
    0xb1, 0x9c, 0x5d, 0x3e, 0x72, 0x21, 0x69, 0x3e, 0xac, 0x84, 0xd7, 0xbc,
    0x35, 0x58, 0x24, 0x3e, 0x10, 0xf8, 0x63, 0x3d, 0xc5, 0xe2, 0xcf, 0xbd,
    0x93, 0xb4, 0x1d, 0xbe, 0x26, 0x40, 0xc2, 0xbc, 0x7c, 0x9e, 0x48, 0xbe,
    0xdc, 0x26, 0x8e, 0x3e, 0xc2, 0x31, 0x29, 0x3d, 0x21, 0xbd, 0x66, 0x3c,
    0x8e, 0xde, 0x8c, 0x3e, 0xc5, 0xc0, 0xa4, 0x3d, 0x7f, 0x60, 0x74, 0xbe,
    0x17, 0xdd, 0x63, 0x3d, 0x93, 0xe7, 0x00, 0xbe, 0xf1, 0xae, 0xbf, 0x3a,
    0x17, 0xcb, 0xf8, 0x3d, 0x2f, 0x50, 0xeb, 0x3d, 0x83, 0xdf, 0x8c, 0xbe,
    0xb1, 0x5b, 0xad, 0x3e, 0x21, 0xb9, 0x79, 0xbe, 0x61, 0xcf, 0xe3, 0xbd,
    0x18, 0xc3, 0x43, 0xbe, 0x08, 0x45, 0xf1, 0x3d, 0x96, 0x1f, 0x5c, 0xbe,
    0xc2, 0xcb, 0xe3, 0xbd, 0x5a, 0x17, 0x43, 0xbe, 0xc5, 0x4b, 0xa1, 0x3e,
    0xbf, 0xab, 0x1b, 0xbe, 0xec, 0xbe, 0xb7, 0xbd, 0x50, 0x0e, 0xb5, 0x3e,
    0x42, 0x69, 0x3e, 0x3d, 0xac, 0x43, 0xad, 0xbd, 0x13, 0x2f, 0x9c, 0x3e,
    0xe9, 0x72, 0x49, 0x3e, 0xed, 0x0f, 0x55, 0x3e, 0xb7, 0x6d, 0x20, 0xbe,
    0x8c, 0xc0, 0xc5, 0xbd, 0x15, 0x40, 0x76, 0xbd, 0xba, 0x54, 0xa2, 0x3c,
    0xd7, 0x1f, 0x37, 0x3e, 0x5d, 0xf7, 0x4b, 0xbe, 0x1f, 0xae, 0x81, 0xbe,
    0x2a, 0x8c, 0xf5, 0x3d, 0x98, 0x5d, 0xe0, 0x3d, 0xf3, 0x1a, 0xb1, 0x3c,
    0xf9, 0x30, 0xf3, 0x3c, 0xe3, 0xad, 0xaa, 0xbe, 0x12, 0x02, 0xd3, 0x3c,
    0xd8, 0x2e, 0xf0, 0x3d, 0x7d, 0xe9, 0x3f, 0x3e, 0x88, 0x4e, 0x87, 0x3e,
    0x5e, 0xc6, 0xb2, 0x3c, 0xd5, 0xb0, 0x97, 0x3e, 0xb9, 0x5d, 0x32, 0x3e,
    0x33, 0x02, 0x78, 0x3e, 0x54, 0x37, 0xe2, 0x3d, 0x17, 0x63, 0x7e, 0xbc,
    0x8e, 0x36, 0xb9, 0xbd, 0x3f, 0xac, 0xae, 0xbc, 0xbb, 0xc2, 0xfc, 0xbd,
    0x4a, 0xfb, 0x49, 0xbc, 0x1f, 0x46, 0xb7, 0x3d, 0xf8, 0xa0, 0x86, 0xbe,
    0xa6, 0x5d, 0xc9, 0x3b, 0x76, 0x54, 0x87, 0x3e, 0x2f, 0x83, 0x74, 0x3d,
    0x35, 0xed, 0x20, 0xbe, 0xbf, 0x0c, 0xf6, 0xbd, 0xf5, 0x65, 0x9f, 0xbe,
    0x5a, 0x4f, 0xab, 0x3e, 0x19, 0xa4, 0x5e, 0x3e, 0xc6, 0xfe, 0x83, 0xbe,
    0x87, 0xe9, 0x2e, 0xbe, 0x96, 0x9d, 0x3b, 0x3d, 0x65, 0x5c, 0x89, 0x3d,
    0x6d, 0xd2, 0x2d, 0xbe, 0x6d, 0x7d, 0x99, 0xbd, 0xab, 0x80, 0x88, 0xbe,
    0x01, 0x15, 0x6a, 0x3e, 0x05, 0xa3, 0x70, 0xbe, 0x62, 0x05, 0x0e, 0x3e,
    0x49, 0xc8, 0x71, 0x3e, 0x77, 0x86, 0x39, 0xbd, 0x24, 0xde, 0x20, 0x3e,
    0x13, 0x25, 0x98, 0x3d, 0xf3, 0x17, 0x69, 0x3e, 0xbd, 0x71, 0x0a, 0x3d,
    0x17, 0x71, 0x12, 0xbe, 0x00, 0xcc, 0x48, 0xbe, 0xe7, 0x61, 0x7d, 0x3e,
    0x4f, 0x62, 0x33, 0x3e, 0x1a, 0x51, 0x2a, 0x3e, 0x8e, 0x76, 0x0e, 0xbc,
    0x11, 0xe4, 0x59, 0x3e, 0xcd, 0x2c, 0x02, 0x3e, 0xf8, 0x5a, 0xc6, 0x3d,
    0xa4, 0xad, 0xa6, 0xbd, 0x33, 0x0e, 0xa4, 0xbd, 0x20, 0xd9, 0x32, 0x3e,
    0x24, 0x65, 0x94, 0x3d, 0x90, 0xb4, 0xa0, 0x3e, 0x9b, 0x19, 0x7d, 0x3d,
    0x6a, 0x35, 0x80, 0xbc, 0x66, 0x5a, 0xb7, 0xbd, 0xcb, 0xfd, 0x65, 0xbe,
    0x9a, 0x27, 0x58, 0x3e, 0xbb, 0xb3, 0x82, 0x3e, 0xbe, 0x3a, 0x84, 0xbe,
    0xb0, 0x7f, 0x62, 0x3e, 0xc7, 0x68, 0x92, 0x3e, 0x6c, 0x93, 0x81, 0xbe,
    0x16, 0x41, 0xe3, 0x3c, 0x4e, 0x28, 0x3b, 0xbe, 0x2a, 0x24, 0xbe, 0xbd,
    0x1a, 0x0d, 0x13, 0xbd, 0xb6, 0x74, 0x96, 0xbe, 0x39, 0xae, 0x39, 0xbe,
    0xe1, 0x74, 0x88, 0x3c, 0x3a, 0xa2, 0x0d, 0x3d, 0xff, 0xb6, 0x98, 0x3d,
    0xfd, 0xa1, 0xa4, 0xbe, 0xbf, 0xcc, 0x8a, 0x3c, 0x2f, 0x48, 0xb9, 0x3c,
    0xde, 0x33, 0x79, 0xbe, 0x80, 0xa4, 0xd3, 0x3d, 0x1a, 0x8e, 0xca, 0x3d,
    0xc2, 0x20, 0x72, 0x3e, 0x0f, 0xfc, 0x86, 0xbe, 0x88, 0x91, 0x86, 0xbe,
    0x36, 0xfb, 0xe3, 0xbd, 0x62, 0x05, 0x69, 0xbe, 0x15, 0x28, 0x15, 0xbe,
    0xcd, 0xf3, 0x05, 0x3e, 0x94, 0x12, 0x0e, 0x3e, 0x47, 0x22, 0xd5, 0x3d,
    0x23, 0xc5, 0x19, 0x3d, 0x8f, 0x86, 0x41, 0x3e, 0x06, 0x29, 0x52, 0xbe,
    0xc1, 0xf8, 0x93, 0x3d, 0x2d, 0x5b, 0x49, 0x3e, 0xf4, 0xa1, 0xd9, 0x3e,
    0xf5, 0xab, 0x6e, 0x3e, 0x3e, 0xcb, 0xb9, 0x3b, 0xa7, 0xf3, 0x1d, 0x3e,
    0x8d, 0x08, 0xd0, 0xbe, 0x1b, 0x9e, 0x85, 0x3d, 0x9d, 0xbc, 0x0c, 0xbc,
    0x1a, 0xb7, 0x3c, 0xbe, 0x58, 0xee, 0x43, 0x3d, 0x0b, 0x00, 0xa5, 0x3e,
    0x22, 0x84, 0x2e, 0xbc, 0x9b, 0xe5, 0xb9, 0x3e, 0x04, 0x8d, 0x27, 0x3e,
    0xb0, 0xe9, 0x5e, 0xbd, 0xf2, 0xd8, 0x51, 0xbe, 0xbf, 0x34, 0xb2, 0x3e,
    0x5c, 0xe2, 0x6f, 0xbe, 0x80, 0x4e, 0x7e, 0xbe, 0xa3, 0xd4, 0x86, 0xbe,
    0x4f, 0x69, 0xa5, 0x3c, 0x31, 0x78, 0x61, 0x3e, 0x04, 0x1f, 0x00, 0x3e,
    0xc3, 0xe5, 0x89, 0xbd, 0xcb, 0xbe, 0xff, 0x3c, 0x4c, 0xa4, 0x31, 0x3c,
    0x53, 0x42, 0xb2, 0x3e, 0x60, 0x2a, 0x9a, 0x3c, 0x47, 0xa0, 0x4e, 0x3d,
    0x92, 0x30, 0x04, 0x3e, 0xab, 0x29, 0x45, 0xbe, 0xc5, 0x13, 0x80, 0x3e,
    0xde, 0x2e, 0x2e, 0x3e, 0x97, 0xe4, 0xfd, 0xbd, 0xe0, 0x73, 0x3b, 0x3e,
    0x1a, 0xda, 0x6a, 0xbe, 0x8c, 0x8b, 0x8c, 0x3e, 0x7d, 0xaa, 0xe1, 0x3b,
    0xa3, 0xd9, 0x11, 0x3e, 0x6e, 0x75, 0xf0, 0xbd, 0x18, 0x32, 0x87, 0xbe,
    0xb7, 0xbf, 0x50, 0x3e, 0xe2, 0x0d, 0x0f, 0xbd, 0x7e, 0xd6, 0xa6, 0x3e,
    0x55, 0x30, 0x1f, 0x3e, 0x26, 0xfa, 0xe6, 0xbc, 0x24, 0x17, 0xb0, 0x3e,
    0x68, 0x4b, 0x1a, 0xbe, 0x48, 0x68, 0x9b, 0xbe, 0x29, 0x15, 0x02, 0xbe,
    0x49, 0xf0, 0x42, 0x3e, 0x67, 0x50, 0x38, 0x3e, 0x3a, 0x62, 0x15, 0x3e,
    0x07, 0xe9, 0x8c, 0x3e, 0x2a, 0x91, 0x64, 0xbe, 0xc6, 0xbb, 0x31, 0xbe,
    0x35, 0xe1, 0x25, 0x3e, 0xf5, 0x02, 0x32, 0x3e, 0xc1, 0x7f, 0x43, 0xbe,
    0x4b, 0xb0, 0x43, 0xbe, 0x62, 0x4e, 0x7f, 0xbe, 0xd3, 0x27, 0x03, 0x3d,
    0x0c, 0x0a, 0xa9, 0xbd, 0xa2, 0x28, 0xcf, 0x3d, 0xf0, 0x99, 0xbb, 0xbd,
    0x26, 0x04, 0x6e, 0x3e, 0x90, 0xdc, 0xc4, 0x3d, 0x00, 0x1c, 0x34, 0x3b,
    0x00, 0xa2, 0x04, 0x3a, 0xa2, 0x9b, 0x13, 0x3e, 0xdd, 0xb7, 0x90, 0xbe,
    0x76, 0x72, 0x37, 0xbe, 0x08, 0x56, 0x74, 0x3d, 0x20, 0x29, 0x65, 0x3d,
    0xf4, 0x0b, 0x93, 0xbd, 0x5e, 0x28, 0xce, 0xbd, 0x40, 0xc1, 0xb6, 0x3b,
    0xec, 0x47, 0x87, 0xbe, 0x9a, 0x32, 0x78, 0xbe, 0x94, 0x48, 0x84, 0xbd,
    0x20, 0x9a, 0x4c, 0xbd, 0xe4, 0x89, 0x96, 0xbe, 0x32, 0xc0, 0x9c, 0xbd,
    0xad, 0xd8, 0x47, 0xbe, 0x72, 0x61, 0xc4, 0xbd, 0x80, 0x36, 0x4d, 0x3c,
    0x77, 0xd0, 0x8f, 0xbe, 0x40, 0x20, 0x41, 0xbc, 0x59, 0xe0, 0x8e, 0xbe,
    0x62, 0x4c, 0x09, 0x3e, 0xf9, 0x02, 0x6b, 0xbe, 0x71, 0xa1, 0x67, 0xbe,
    0x83, 0x84, 0x73, 0xbe, 0x49, 0xf5, 0x8e, 0x3e, 0xea, 0xce, 0x71, 0x3e,
    0x98, 0xa3, 0x60, 0xbe, 0xf8, 0xca, 0xb5, 0xbd, 0x12, 0x2d, 0x87, 0x3e,
    0x40, 0x7a, 0x83, 0x3d, 0x59, 0x90, 0x93, 0xbe, 0x5b, 0x27, 0x16, 0xbe,
    0x9a, 0x2c, 0xb0, 0xbe, 0x91, 0x79, 0x76, 0x3e, 0xfe, 0x48, 0xfe, 0x3d,
    0xe1, 0x02, 0x58, 0x3e, 0xef, 0x5a, 0xa5, 0xbd, 0x25, 0x6c, 0x87, 0xbd,
    0x52, 0x86, 0x35, 0x3e, 0x9a, 0xe6, 0xe6, 0x3d, 0x63, 0x91, 0x32, 0xbe,
    0xc4, 0x02, 0x5e, 0x3e, 0xf2, 0xa5, 0x16, 0xbe, 0xdf, 0xc4, 0x9a, 0xbd,
    0xa1, 0x9f, 0x8a, 0xbe, 0x8a, 0x22, 0x0a, 0x3e, 0x04, 0xf9, 0x1e, 0xbe,
    0xf7, 0x07, 0x79, 0xbe, 0x91, 0xea, 0xa3, 0x3e, 0xc6, 0xfb, 0x40, 0x3e,
    0x40, 0x01, 0x9f, 0xbe, 0x65, 0xd2, 0x93, 0x3e, 0x2d, 0x76, 0x8a, 0xbe,
    0xa0, 0xf3, 0x74, 0xbc, 0x0b, 0x6a, 0x9b, 0x3e, 0xd3, 0x3e, 0xeb, 0x3b,
    0x20, 0x83, 0x82, 0x3e, 0xb7, 0x43, 0x70, 0xbe, 0xf3, 0x6c, 0x44, 0xbe,
    0xa0, 0x2d, 0xdc, 0xbc, 0x16, 0x54, 0xc8, 0xbd, 0xb4, 0x91, 0x3d, 0xbe,
    0x0b, 0x87, 0x5c, 0xbe, 0x83, 0xe6, 0x7c, 0xbe, 0x0c, 0x7d, 0x6a, 0xbd,
    0xfe, 0xcd, 0x8a, 0xbd, 0x87, 0xc2, 0x47, 0xbe, 0x7c, 0x03, 0x39, 0x3e,
    0x54, 0x75, 0x3c, 0xbe, 0x47, 0x49, 0xf3, 0xbd, 0x63, 0xfa, 0x7a, 0x3d,
    0x10, 0x8e, 0x5d, 0x3d, 0x5c, 0x25, 0x60, 0x3e, 0x3a, 0x74, 0x37, 0x3d,
    0xc0, 0x4b, 0x08, 0xbe, 0xff, 0x6d, 0xb5, 0x3d, 0xce, 0x49, 0x87, 0x3e,
    0xe4, 0x20, 0xa7, 0xbd, 0x13, 0xc3, 0x1d, 0xbe, 0xd3, 0x77, 0x7c, 0x3e,
    0xb0, 0xa0, 0x4f, 0x3e, 0x74, 0xc0, 0x44, 0xbd, 0x12, 0xcd, 0x31, 0x3e,
    0x78, 0x06, 0x91, 0xbe, 0xf4, 0x39, 0x10, 0xbe, 0x5a, 0xe7, 0xb3, 0x3d,
    0xce, 0x62, 0x0f, 0x3e, 0xcc, 0x1d, 0x47, 0x3e, 0xf5, 0x9a, 0x34, 0xbd,
    0xbf, 0x0e, 0x61, 0x3c, 0xfb, 0x7a, 0x88, 0xbe, 0x4f, 0x2e, 0x9b, 0xbe,
    0x76, 0xe2, 0x60, 0x3e, 0x71, 0x6b, 0x20, 0x3d, 0xca, 0xfc, 0x1f, 0xbe,
    0xa3, 0x2a, 0x13, 0xbe, 0x69, 0x04, 0x84, 0xbe, 0xa9, 0x98, 0x3a, 0xbe,
    0x15, 0x22, 0x9f, 0xbe, 0x58, 0xd3, 0x7f, 0xbe, 0x75, 0xa6, 0xad, 0x3b,
    0x80, 0xaf, 0x2d, 0xbe, 0xc3, 0x7b, 0x3c, 0x3d, 0x01, 0xa1, 0x29, 0xbe,
    0x1f, 0xb5, 0xed, 0x3d, 0x89, 0xd3, 0x19, 0x3e, 0xde, 0x5b, 0x75, 0x3e,
    0x26, 0x0d, 0x4f, 0x3e, 0xf2, 0x75, 0x78, 0x3e, 0x77, 0xca, 0x20, 0xbd,
    0x17, 0xe6, 0x99, 0xbe, 0xd1, 0xd0, 0x11, 0xbd, 0x7f, 0x33, 0x4a, 0xbe,
    0x10, 0x38, 0x3e, 0xbe, 0xd4, 0x91, 0x0d, 0xbe, 0xcf, 0xa2, 0x96, 0xbc,
    0x13, 0x78, 0xb6, 0xbd, 0xf4, 0xf3, 0x03, 0x3e, 0x63, 0x6d, 0x18, 0x3e,
    0x4e, 0x9e, 0x3d, 0xbe, 0x82, 0xad, 0x89, 0xbd, 0x05, 0x92, 0x40, 0x3d,
    0xb0, 0x61, 0x29, 0x3e, 0x70, 0xce, 0x9a, 0xbe, 0x97, 0x78, 0x05, 0xbd,
    0x51, 0x15, 0xa1, 0xbd, 0xe0, 0x56, 0x43, 0xbd, 0x14, 0x31, 0x32, 0xbe,
    0x31, 0x25, 0xa4, 0x3d, 0x8f, 0x24, 0x25, 0x3e, 0x64, 0xcb, 0xa1, 0xbd,
    0xd4, 0xf9, 0xe1, 0x3d, 0xf0, 0x24, 0xf4, 0xbd, 0x87, 0xc0, 0x4e, 0xbd,
    0x22, 0x8d, 0x80, 0xbe, 0x9a, 0x2d, 0xa6, 0x3d, 0xc1, 0x8a, 0x4c, 0xbd,
    0x8c, 0x69, 0x71, 0x3d, 0x84, 0xa0, 0x2d, 0x3e, 0xf9, 0xf0, 0x81, 0xbe,
    0xde, 0xb6, 0x70, 0x3d, 0xa9, 0xf0, 0x69, 0xbd, 0xb2, 0x6d, 0x7c, 0x3e,
    0x7e, 0x19, 0x17, 0x3d, 0x2a, 0x21, 0xf7, 0xbd, 0xad, 0x4d, 0x2e, 0x3d,
    0x06, 0xe1, 0x3a, 0x3b, 0xce, 0xcb, 0x8a, 0x3e, 0x42, 0x9a, 0x92, 0x3d,
    0xcc, 0x92, 0x22, 0xbe, 0x0a, 0x40, 0xf0, 0x3c, 0x55, 0x5a, 0xaa, 0x3e,
    0x2d, 0x79, 0xab, 0x3d, 0x8e, 0xa8, 0xe6, 0xbd, 0x0b, 0x97, 0x23, 0xbc,
    0xab, 0xe6, 0x84, 0xbe, 0x69, 0xae, 0xb3, 0xbe, 0xc0, 0x12, 0x8b, 0xbd,
    0x6f, 0x1b, 0x78, 0x3e, 0x9a, 0x07, 0x6a, 0xbe, 0xfd, 0xe7, 0x31, 0xbe,
    0x09, 0x14, 0x03, 0x3e, 0xe7, 0x78, 0xbc, 0x3d, 0xaf, 0xa1, 0xd0, 0x3d,
    0xfe, 0x9e, 0x62, 0x3e, 0x88, 0x0b, 0x53, 0xbe, 0x38, 0xb4, 0x54, 0x3d,
    0x0f, 0x98, 0x42, 0x3e, 0x2c, 0x18, 0x80, 0x3b, 0xe0, 0xd1, 0xc4, 0x3c,
    0x9b, 0x1f, 0xec, 0xbc, 0xee, 0x6d, 0x69, 0x3e, 0x9e, 0x3d, 0x15, 0xbc,
    0x3a, 0x63, 0x0e, 0x3d, 0x49, 0xe8, 0x04, 0xbe, 0xbd, 0x09, 0x77, 0xbe,
    0xc0, 0xa3, 0x84, 0xbe, 0xa6, 0x6f, 0xa9, 0xbd, 0xce, 0x14, 0x3a, 0xbe,
    0x8c, 0x6a, 0x6b, 0xbe, 0x0a, 0x56, 0x9e, 0x3d, 0x77, 0x21, 0x41, 0xbe,
    0x63, 0x50, 0x78, 0x3e, 0x48, 0xa8, 0x51, 0x3e, 0x81, 0x65, 0xa8, 0xbe,
    0x1d, 0xc2, 0x41, 0xbe, 0x95, 0x8e, 0xaa, 0xbd, 0xfc, 0x1b, 0x8f, 0x3e,
    0x23, 0x90, 0x25, 0xbe, 0x24, 0x81, 0x9e, 0x3e, 0x81, 0x25, 0x1f, 0x3e,
    0x3e, 0x0b, 0x3e, 0xbd, 0x18, 0x8a, 0xa7, 0x3d, 0x58, 0x23, 0xe9, 0x3d,
    0xe2, 0xc8, 0xfc, 0x3d, 0x24, 0x65, 0x85, 0xbe, 0x9a, 0xec, 0x8c, 0x3e,
    0xa4, 0x86, 0xaa, 0x3d, 0x13, 0x00, 0xf3, 0x3d, 0x9e, 0xd8, 0x55, 0xbe,
    0x00, 0xe9, 0xe8, 0xbc, 0xde, 0xc9, 0x09, 0x3d, 0xbf, 0x0f, 0xf2, 0xbd,
    0xe8, 0x88, 0x88, 0xbe, 0xdf, 0xc8, 0x52, 0x3e, 0xda, 0x77, 0x8f, 0x3e,
    0x6d, 0x50, 0x24, 0x3e, 0x77, 0xfd, 0x4c, 0x3e, 0x19, 0xbb, 0x84, 0x3e,
    0x36, 0x83, 0x3b, 0x3e, 0x6f, 0x23, 0x23, 0xbe, 0xfd, 0x68, 0xd9, 0xbd,
    0xf6, 0x24, 0x9c, 0xbe, 0xef, 0x4b, 0xad, 0x3e, 0xe1, 0x4c, 0x83, 0x3c,
    0x68, 0x4b, 0x98, 0xbd, 0x0d, 0xcc, 0x88, 0xbd, 0xf0, 0xcf, 0x88, 0x3e,
    0xc4, 0x4c, 0x9a, 0x3d, 0x4f, 0xb7, 0x61, 0xbe, 0x99, 0x05, 0x3f, 0x3d,
    0x2f, 0xed, 0x84, 0x3e, 0x50, 0x3f, 0x2c, 0x3d, 0xc3, 0xe2, 0x13, 0x3e,
    0x4f, 0x1e, 0xe5, 0xbd, 0xba, 0x0f, 0x87, 0x3e, 0xbc, 0x55, 0xbd, 0x3d,
    0x8b, 0x47, 0x04, 0x3e, 0x1c, 0xeb, 0x99, 0xbe, 0x02, 0x83, 0x48, 0xbe,
    0x88, 0x93, 0x4c, 0xbd, 0x79, 0x74, 0xa0, 0x3e, 0xc1, 0x14, 0xbd, 0x3e,
    0x96, 0x63, 0x82, 0xbd, 0xcf, 0x0a, 0x60, 0x3e, 0x7b, 0x2f, 0x8d, 0x3d,
    0xa9, 0x9a, 0xbd, 0x3e, 0xc7, 0x7f, 0x55, 0xbe, 0xd4, 0x8d, 0x48, 0x3e,
    0xf3, 0xf0, 0x5d, 0x3e, 0x7b, 0x14, 0x91, 0xbe, 0x24, 0x82, 0x99, 0xbe,
    0x27, 0x56, 0xa2, 0x3e, 0xb4, 0x82, 0x63, 0x3e, 0x57, 0x0b, 0x5d, 0x3e,
    0xaf, 0x50, 0xb1, 0xbd, 0x46, 0x43, 0x81, 0x3e, 0x36, 0x5e, 0x46, 0xbc,
    0x16, 0xb0, 0xa0, 0xbe, 0xfe, 0x78, 0x8c, 0x3d, 0x5f, 0x68, 0x92, 0x3e,
    0xce, 0x96, 0x34, 0x3e, 0xd2, 0xd8, 0xff, 0xff, 0x04, 0x00, 0x00, 0x00,
    0x00, 0x05, 0x00, 0x00, 0x84, 0x45, 0xee, 0xbd, 0xaf, 0x62, 0xc0, 0x3e,
    0xe0, 0xa9, 0x10, 0x3d, 0xca, 0x78, 0xdd, 0xbe, 0x51, 0x31, 0x88, 0xbe,
    0x1b, 0x4e, 0x9e, 0x3c, 0xcb, 0xe8, 0xa9, 0x3d, 0x24, 0x8f, 0x0a, 0xbe,
    0x2c, 0xa5, 0xd8, 0xbc, 0x58, 0x8d, 0xab, 0xbe, 0x83, 0x29, 0x2b, 0xbe,
    0xee, 0xcc, 0xf8, 0x3d, 0x12, 0x76, 0x54, 0xbe, 0x1e, 0x1c, 0x07, 0xbe,
    0x26, 0xf1, 0x83, 0xbb, 0x7b, 0x59, 0xac, 0x3e, 0xa8, 0xed, 0xc6, 0x3d,
    0xa5, 0x06, 0xf6, 0xbd, 0xd9, 0x59, 0x49, 0x3e, 0xdb, 0xf9, 0x84, 0xbe,
    0xe1, 0x5e, 0x52, 0x3d, 0x1b, 0x4a, 0xe6, 0xbd, 0x26, 0x24, 0x94, 0x3e,
    0xb6, 0x0b, 0x2b, 0xbe, 0x6e, 0x5e, 0x22, 0xbe, 0xc2, 0xe7, 0xb8, 0xbe,
    0xc0, 0x80, 0x5f, 0xbe, 0xfb, 0x14, 0x24, 0xbd, 0xc9, 0x1f, 0x95, 0xbd,
    0x74, 0x20, 0xc2, 0xbe, 0x2b, 0x06, 0xa6, 0xbb, 0xf5, 0x12, 0x70, 0x3e,
    0xe4, 0x96, 0x6f, 0x3e, 0x90, 0xfa, 0xce, 0xbd, 0x87, 0xc1, 0xaa, 0xbe,
    0x93, 0x24, 0xab, 0xbd, 0x1f, 0x00, 0x06, 0xbe, 0x0f, 0xf0, 0x80, 0x3e,
    0xc6, 0x17, 0xc8, 0xbd, 0x4c, 0xe5, 0x80, 0xbe, 0xc2, 0xbb, 0x59, 0xbe,
    0x86, 0x9b, 0xdf, 0xbc, 0xe9, 0xbd, 0x65, 0x3e, 0xc6, 0xe0, 0xad, 0xbd,
    0x8e, 0x6b, 0x13, 0xbf, 0x50, 0xb5, 0x81, 0xbe, 0xeb, 0x5f, 0x2a, 0x3e,
    0xff, 0xe4, 0x80, 0x3e, 0x4d, 0x87, 0xad, 0x3e, 0x71, 0xd0, 0x9c, 0x3e,
    0x0a, 0x6f, 0xd5, 0xbd, 0xec, 0x6b, 0xbf, 0xbd, 0x98, 0xe1, 0x12, 0xbd,
    0x05, 0x14, 0xa7, 0xbe, 0x05, 0x9c, 0x1a, 0x3e, 0x3d, 0x5e, 0xdd, 0xbb,
    0x35, 0xe7, 0x9e, 0x3e, 0x4f, 0x8f, 0x17, 0xbe, 0xae, 0x39, 0x0d, 0xbe,
    0x86, 0xe1, 0x8e, 0x3d, 0x0e, 0xa6, 0x90, 0xbd, 0x95, 0x62, 0x5b, 0xbd,
    0x94, 0x6a, 0xf7, 0xbe, 0x44, 0x25, 0xdc, 0x3e, 0x67, 0x49, 0xf8, 0x3d,
    0x26, 0xdc, 0x98, 0xbe, 0xf9, 0x30, 0xac, 0x3d, 0xc4, 0x2b, 0x20, 0x3e,
    0x0a, 0xf6, 0x82, 0x3e, 0x5b, 0x12, 0xf6, 0xbe, 0x51, 0xdf, 0xb8, 0x3e,
    0x55, 0xf0, 0x48, 0xbe, 0x83, 0x91, 0xda, 0x3e, 0x84, 0xb9, 0x6c, 0xbe,
    0xd4, 0x86, 0x92, 0x3e, 0x72, 0x51, 0x4c, 0x3e, 0x6c, 0x67, 0xc6, 0xbd,
    0x24, 0x65, 0xb3, 0x3d, 0xd9, 0xc5, 0xea, 0xbe, 0x41, 0xdf, 0x51, 0xbd,
    0x4b, 0x8f, 0xa7, 0xbe, 0x80, 0x6d, 0xf6, 0xbd, 0x3c, 0xfc, 0x51, 0xbe,
    0x2c, 0xcb, 0x37, 0xbe, 0x27, 0xf0, 0x5d, 0x3e, 0x4b, 0xd9, 0x05, 0xbd,
    0x08, 0x02, 0x22, 0x3e, 0x1f, 0x38, 0xec, 0x3d, 0x9b, 0x2f, 0x8a, 0x3e,
    0x2e, 0xae, 0xb3, 0xbe, 0xc8, 0xe1, 0x46, 0xbe, 0xa1, 0xf0, 0x9a, 0xbe,
    0xc9, 0x0b, 0xa4, 0xbe, 0xab, 0x0e, 0xea, 0xbe, 0xc9, 0xcb, 0xb8, 0xbe,
    0x34, 0xf0, 0xc1, 0x3e, 0x67, 0xff, 0x92, 0xbe, 0x2c, 0xf2, 0x66, 0xbe,
    0xf5, 0xcb, 0x0b, 0x3d, 0x4c, 0x3a, 0x23, 0x3e, 0xd7, 0x14, 0x52, 0xbd,
    0x84, 0xe1, 0x8c, 0x3e, 0x3c, 0xbf, 0x2f, 0x3e, 0x73, 0xdb, 0x13, 0x3e,
    0xf2, 0x7d, 0x2d, 0x3e, 0x6a, 0x4f, 0xfe, 0xbe, 0x80, 0x00, 0xbe, 0xbe,
    0x00, 0x85, 0x56, 0x3e, 0xcf, 0x23, 0x57, 0xbe, 0x96, 0x3f, 0x55, 0x3e,
    0xe3, 0x78, 0xd7, 0x3e, 0xc8, 0x1e, 0xa9, 0xbe, 0xbc, 0xcb, 0xfe, 0xbd,
    0x27, 0x38, 0xc7, 0xbd, 0x46, 0x71, 0x44, 0x3e, 0x76, 0xae, 0x8b, 0xbc,
    0x27, 0xcf, 0xbd, 0x3e, 0xbb, 0x07, 0x7a, 0xbc, 0xed, 0x6c, 0x64, 0xbe,
    0xec, 0xf5, 0x58, 0xbd, 0x05, 0x8b, 0x93, 0x3e, 0x63, 0x6c, 0x76, 0xbe,
    0x6f, 0xca, 0xbf, 0xbd, 0x40, 0x82, 0x86, 0x3b, 0xa4, 0x8a, 0xa4, 0x3e,
    0x02, 0x79, 0xf1, 0xbd, 0xb8, 0x00, 0xd4, 0xbc, 0x75, 0xe9, 0x27, 0xbe,
    0x09, 0xe1, 0x5c, 0x3c, 0xce, 0xfb, 0x43, 0x3e, 0x0e, 0xc7, 0xbf, 0x3d,
    0xcb, 0x4c, 0xbe, 0x3e, 0xf5, 0x02, 0xb2, 0xbd, 0x8c, 0x31, 0xc2, 0xbe,
    0xeb, 0x18, 0xda, 0x3e, 0xdf, 0x87, 0xd0, 0x3d, 0x64, 0x74, 0x1c, 0x3c,
    0x6a, 0x6c, 0x9b, 0x3e, 0xb5, 0x78, 0x80, 0xbe, 0xf4, 0x59, 0xa1, 0xbd,
    0xf0, 0x2c, 0x8a, 0xbe, 0xaa, 0xd1, 0xaf, 0xbe, 0xe6, 0x2b, 0xee, 0xbc,
    0x31, 0xb7, 0xd6, 0xbe, 0xd8, 0x18, 0x5d, 0xbd, 0xb6, 0x5b, 0x6a, 0x3e,
    0x93, 0x6c, 0xa7, 0xbe, 0x5e, 0x35, 0xf2, 0xbd, 0xb4, 0x00, 0xee, 0xbd,
    0xac, 0x9a, 0x4e, 0x3e, 0x14, 0xbe, 0xef, 0x3d, 0x25, 0x3c, 0xb8, 0xbe,
    0xd0, 0xcd, 0xda, 0xbd, 0x95, 0x4b, 0x99, 0xbe, 0xf7, 0x94, 0x42, 0x3d,
    0xf5, 0x58, 0xaa, 0x3e, 0xc0, 0xc6, 0x8b, 0x3e, 0x38, 0x6b, 0x7a, 0xbe,
    0xda, 0xf3, 0xbb, 0xbe, 0xf9, 0x1a, 0xaa, 0x3e, 0x17, 0x7d, 0x04, 0x3e,
    0x32, 0xb2, 0x21, 0x3e, 0x46, 0xea, 0xe6, 0x3b, 0x65, 0x23, 0xc4, 0x3e,
    0x21, 0x25, 0x85, 0x3e, 0x82, 0x04, 0xa8, 0x3d, 0xdd, 0x47, 0xd6, 0x3e,
    0xdf, 0xa3, 0x41, 0x3d, 0xa1, 0x29, 0x38, 0x3e, 0x20, 0x6f, 0x93, 0xbc,
    0xc2, 0xdd, 0xaf, 0xbc, 0xdd, 0x5a, 0x80, 0xbe, 0x80, 0x7f, 0xd4, 0x3e,
    0xf8, 0xf0, 0xa2, 0xbd, 0x21, 0x2b, 0x17, 0x3e, 0xf4, 0xb3, 0x7c, 0xbe,
    0x27, 0xa6, 0x64, 0xbe, 0x22, 0xa0, 0x0c, 0x3e, 0x82, 0xff, 0xc4, 0xbc,
    0x5a, 0x27, 0xb1, 0xbe, 0x11, 0x4a, 0x89, 0x3e, 0xa2, 0xec, 0x86, 0xbe,
    0x9b, 0x42, 0xb1, 0xbe, 0xd9, 0x36, 0x65, 0x3e, 0xc6, 0x80, 0x22, 0x3e,
    0x79, 0x58, 0x3c, 0xbe, 0x0b, 0xc8, 0x7d, 0x3d, 0xc9, 0x7b, 0x5b, 0x3e,
    0xcb, 0xcf, 0x00, 0x3e, 0x9d, 0x7b, 0x53, 0x3d, 0xff, 0xf2, 0x0f, 0xbe,
    0xcd, 0x4b, 0xfe, 0xbc, 0xa9, 0x96, 0x23, 0x3e, 0xe4, 0xfc, 0x27, 0xbe,
    0x88, 0x75, 0x7d, 0x3e, 0x98, 0x48, 0xc1, 0x3e, 0xc6, 0xa2, 0xf9, 0x3e,
    0xa0, 0xae, 0x03, 0xbf, 0xc3, 0x7b, 0x93, 0x3e, 0x7b, 0xc3, 0x06, 0xbe,
    0x63, 0x91, 0x11, 0x3d, 0xd6, 0x66, 0x8c, 0x3e, 0x20, 0xc6, 0x41, 0xbd,
    0x0c, 0x1b, 0x85, 0xbe, 0xd3, 0xeb, 0x6d, 0xbd, 0xbf, 0xb7, 0x8d, 0x3e,
    0x5c, 0x5f, 0x8e, 0xbe, 0x1a, 0x63, 0x9c, 0xbe, 0xc6, 0x63, 0x2b, 0x3e,
    0x3a, 0x0d, 0xaf, 0xbe, 0x45, 0x37, 0x25, 0xbe, 0x16, 0x01, 0xa4, 0x3e,
    0x8f, 0x19, 0xa5, 0x3d, 0x07, 0x6b, 0x8c, 0x3d, 0x64, 0x59, 0x75, 0x3d,
    0x09, 0x6e, 0x9b, 0xbe, 0x50, 0x78, 0xc4, 0xbc, 0x3a, 0x59, 0x92, 0x3e,
    0x83, 0x7c, 0xfb, 0xbd, 0x79, 0xc7, 0x2f, 0x3e, 0x79, 0xed, 0xc7, 0xbc,
    0x9c, 0x4c, 0x1c, 0x3e, 0xe0, 0x84, 0x10, 0x3e, 0x24, 0xcc, 0x42, 0xbe,
    0x3e, 0x15, 0xa2, 0x3e, 0x59, 0xa5, 0xa6, 0x3e, 0x99, 0xc7, 0xe8, 0x3d,
    0x9b, 0x8e, 0x2d, 0x3e, 0x48, 0x9b, 0xce, 0xbe, 0x9f, 0x74, 0x28, 0x3e,
    0x2f, 0x70, 0x84, 0xbe, 0x26, 0xd1, 0xe6, 0x3d, 0xc8, 0xd9, 0xa0, 0x3e,
    0xf0, 0xeb, 0xca, 0x3e, 0xb6, 0xb8, 0xa6, 0x3e, 0x8e, 0xe8, 0x91, 0x3e,
    0x64, 0x1d, 0x97, 0xbd, 0x15, 0x4b, 0x82, 0x3e, 0xf0, 0x91, 0x1c, 0xbf,
    0x48, 0xe7, 0x6a, 0xbe, 0xe6, 0x58, 0x3b, 0x3e, 0x0e, 0xf8, 0x85, 0xbe,
    0x19, 0xee, 0x40, 0xbd, 0xd6, 0x14, 0x17, 0x3e, 0x6b, 0xb6, 0xe0, 0xbe,
    0xbe, 0x5f, 0x33, 0xbe, 0xed, 0x3a, 0xcd, 0x3e, 0xe7, 0x6c, 0x24, 0x3d,
    0x38, 0x48, 0x8d, 0xbd, 0x6f, 0x3d, 0x93, 0x3e, 0x4e, 0x03, 0x63, 0xbe,
    0x51, 0x8e, 0x81, 0x3e, 0x36, 0x58, 0x11, 0x3e, 0xef, 0xdf, 0x14, 0xbd,
    0xc6, 0x14, 0x78, 0xbe, 0x9b, 0x57, 0x7a, 0xbd, 0xf5, 0x7e, 0xbd, 0xbe,
    0x00, 0x82, 0xc5, 0x3c, 0xb1, 0x3a, 0xe6, 0x3e, 0xbb, 0x6f, 0x36, 0xbe,
    0x8e, 0xf0, 0xa9, 0xbe, 0x7b, 0x1d, 0xb4, 0xbe, 0x9c, 0x7e, 0x4d, 0xbe,
    0x66, 0xf6, 0xc0, 0xbd, 0xaa, 0xab, 0xd8, 0x3d, 0x7a, 0xa3, 0x98, 0x3e,
    0x75, 0x87, 0xb2, 0xbe, 0x2a, 0xc8, 0x93, 0x3e, 0xa8, 0xca, 0xc5, 0x3e,
    0xec, 0x7f, 0xa7, 0xbd, 0xda, 0xf3, 0xa3, 0x3e, 0x5f, 0x9d, 0xb4, 0xbd,
    0x41, 0xf9, 0x13, 0xbe, 0x89, 0xed, 0x7a, 0xbe, 0x81, 0xc7, 0xaa, 0xbe,
    0x17, 0x4b, 0x71, 0x3e, 0xe5, 0x53, 0x8d, 0xbe, 0xdf, 0x9c, 0x4d, 0x3d,
    0x3c, 0x88, 0x76, 0x3e, 0xce, 0xb3, 0xcb, 0xbe, 0xec, 0xb9, 0xfa, 0xbd,
    0xdf, 0x0b, 0xbb, 0x3e, 0xe4, 0x37, 0xa0, 0xbe, 0xd2, 0x29, 0x12, 0xbe,
    0x81, 0xc0, 0x57, 0xbe, 0xe0, 0xff, 0x05, 0xbe, 0x34, 0x60, 0x36, 0xbe,
    0x81, 0xf0, 0x5b, 0xbe, 0x41, 0xcb, 0x65, 0x3e, 0xd4, 0x19, 0x85, 0x3d,
    0x63, 0xde, 0x19, 0x3e, 0xaa, 0x43, 0x02, 0xbd, 0xf3, 0x54, 0x78, 0xbe,
    0x41, 0xf4, 0x93, 0xbd, 0xa1, 0x93, 0xaf, 0xbe, 0x49, 0xe0, 0xbe, 0x3d,
    0x49, 0x5e, 0x01, 0xbf, 0xd8, 0x1b, 0x8b, 0x3e, 0xcc, 0x2b, 0xad, 0xbe,
    0x1e, 0xc0, 0x83, 0xbd, 0xd4, 0x9f, 0x67, 0x3d, 0x70, 0xd5, 0x91, 0xbd,
    0xbe, 0xdd, 0x38, 0x3e, 0x0c, 0xc0, 0xcb, 0x3d, 0xa0, 0x91, 0xf9, 0xbc,
    0xdf, 0x69, 0x7a, 0x3e, 0x0a, 0x15, 0x06, 0x3e, 0x39, 0x19, 0x8b, 0x3e,
    0x63, 0xaf, 0xce, 0x3d, 0xc4, 0xec, 0xc3, 0xba, 0x6f, 0x8b, 0xc3, 0x3c,
    0x53, 0x7c, 0xb0, 0x3e, 0x54, 0xa5, 0xf4, 0x3d, 0x9a, 0x8b, 0x63, 0x3e,
    0x56, 0x50, 0x12, 0x3e, 0x11, 0x13, 0xae, 0x3e, 0x4d, 0xca, 0xd8, 0xbd,
    0xd0, 0x28, 0x88, 0xbe, 0x03, 0xcd, 0xa0, 0x3e, 0x94, 0x33, 0xac, 0x3d,
    0xde, 0xdd, 0xff, 0xff, 0x04, 0x00, 0x00, 0x00, 0x80, 0x07, 0x00, 0x00,
    0x0e, 0x6c, 0x3f, 0xbe, 0xe2, 0x75, 0x21, 0xbe, 0x7b, 0xf6, 0x3b, 0x3e,
    0x5f, 0xe1, 0x66, 0x3d, 0xea, 0x62, 0x82, 0x3e, 0x43, 0xe3, 0x76, 0xbe,
    0xa9, 0x88, 0xd7, 0xbd, 0xef, 0xa1, 0x89, 0xbd, 0x45, 0xbb, 0xf0, 0x3d,
    0x47, 0x46, 0x0a, 0xbe, 0x84, 0xea, 0xab, 0xbd, 0x0b, 0x17, 0x22, 0x3e,
    0x4a, 0xcf, 0x33, 0x3e, 0xc1, 0x74, 0x9a, 0xbe, 0xe5, 0xba, 0x3c, 0x3e,
    0xea, 0x8d, 0xce, 0xbb, 0x1e, 0x8f, 0xb4, 0x3e, 0xe8, 0xc7, 0xdf, 0xbd,
    0x86, 0x36, 0xb3, 0xbd, 0xb9, 0x1c, 0x44, 0xbd, 0xcf, 0x73, 0x17, 0xbe,
    0xbd, 0x21, 0x67, 0x3e, 0x34, 0xaf, 0x68, 0x3e, 0x75, 0xb1, 0x93, 0xbe,
    0x6e, 0x4b, 0x28, 0x3e, 0xeb, 0xda, 0xd9, 0x3d, 0x95, 0xb0, 0xe7, 0xbd,
    0x99, 0xa7, 0x33, 0xbe, 0x95, 0x34, 0xb2, 0x3e, 0xa2, 0x30, 0x99, 0xbe,
    0xdb, 0x28, 0xb1, 0xbd, 0xd7, 0xe9, 0xa1, 0xbe, 0x70, 0x1b, 0x63, 0xbc,
    0xa9, 0x78, 0x28, 0x3e, 0x91, 0x7f, 0x06, 0xbd, 0x57, 0xc7, 0xdc, 0xbd,
    0xe7, 0x21, 0x96, 0xbd, 0xf8, 0xd3, 0x8d, 0xbc, 0x3c, 0xde, 0xc4, 0x3a,
    0x61, 0xe8, 0xb2, 0x3e, 0x65, 0x22, 0x85, 0x3e, 0x9b, 0xd6, 0x31, 0xbe,
    0x2e, 0x12, 0x10, 0xbe, 0x30, 0x30, 0xaa, 0xbd, 0xc9, 0x9f, 0xe5, 0x3d,
    0xd0, 0x58, 0x3e, 0x3e, 0xdc, 0x99, 0x36, 0x3e, 0x25, 0x2b, 0x0e, 0x3e,
    0xd3, 0x73, 0x8d, 0xbe, 0x26, 0xf0, 0xa9, 0xbe, 0xdc, 0x57, 0x64, 0x3e,
    0x84, 0x55, 0x0a, 0xbc, 0xb4, 0xc7, 0x29, 0x3c, 0x0c, 0x10, 0x81, 0x3d,
    0x77, 0x6c, 0xc7, 0x3c, 0xcb, 0x2c, 0x75, 0xbe, 0xa5, 0x06, 0x28, 0x3e,
    0xc0, 0x09, 0x8c, 0x3e, 0x77, 0xe5, 0x9f, 0x3e, 0x76, 0x61, 0x04, 0xbe,
    0x0e, 0xe8, 0x5e, 0x3d, 0x13, 0x4c, 0x75, 0xbe, 0x39, 0x0a, 0x94, 0xbe,
    0x82, 0xe4, 0xee, 0xbc, 0xc8, 0x21, 0x48, 0xbe, 0x48, 0xe6, 0x2b, 0xbe,
    0x5b, 0x0f, 0x00, 0xbe, 0x37, 0xac, 0x4d, 0x3e, 0x28, 0xab, 0x31, 0xbe,
    0x18, 0x12, 0x45, 0xbe, 0xb6, 0x3f, 0x02, 0xbe, 0x51, 0x7e, 0x12, 0xbe,
    0x1c, 0xef, 0xae, 0xbd, 0xc8, 0x54, 0x29, 0xbe, 0x0d, 0x3c, 0x1e, 0xbe,
    0x3b, 0x39, 0x6a, 0x3d, 0xf5, 0xb3, 0x58, 0xbd, 0x34, 0x02, 0xe0, 0x3c,
    0x30, 0x0d, 0x69, 0xbe, 0x61, 0xf7, 0xff, 0xbd, 0x9d, 0x7c, 0xba, 0xbd,
    0xee, 0xa5, 0x99, 0xbc, 0x91, 0x2c, 0xaa, 0xbd, 0x4c, 0x19, 0x9c, 0x3d,
    0xbb, 0x63, 0x80, 0xbd, 0x2a, 0xe6, 0x9d, 0x3d, 0x5b, 0x04, 0x45, 0x3d,
    0x07, 0x20, 0x3f, 0xbe, 0x01, 0x01, 0x0b, 0xba, 0xa2, 0xe8, 0x30, 0xbe,
    0xde, 0x2d, 0x99, 0x3d, 0x6a, 0xba, 0x2c, 0xbe, 0x78, 0xb1, 0x8c, 0xbc,
    0xf0, 0x73, 0xf9, 0x3d, 0xa5, 0x32, 0x3f, 0xbe, 0xf0, 0xdf, 0xc5, 0x3c,
    0x1a, 0x94, 0x86, 0xbe, 0x4d, 0x3d, 0x66, 0xbe, 0x8e, 0x54, 0x75, 0x3e,
    0xdf, 0x8a, 0xd5, 0xbd, 0xd2, 0x0b, 0xc0, 0xbe, 0x27, 0x4a, 0xf9, 0x3c,
    0x4b, 0xa9, 0x0e, 0xbd, 0x28, 0x25, 0x9c, 0xbd, 0x85, 0x0e, 0x79, 0x3e,
    0xb7, 0xcf, 0x40, 0xbd, 0x51, 0x03, 0x88, 0x3c, 0x6c, 0x29, 0xec, 0xbd,
    0x84, 0x41, 0x8b, 0xbe, 0xf5, 0x03, 0xe3, 0x3d, 0xfe, 0x5f, 0x23, 0x3e,
    0x93, 0xf3, 0x84, 0xbe, 0xbb, 0x11, 0xc9, 0xbe, 0xa9, 0x16, 0xa0, 0xbd,
    0x4e, 0xb7, 0x0d, 0x3e, 0x13, 0x0c, 0x3e, 0xbe, 0x3d, 0x9f, 0x43, 0x3e,
    0xa4, 0xc5, 0x47, 0x3d, 0xe9, 0x72, 0x1f, 0xbe, 0x4f, 0xa8, 0x6a, 0xbd,
    0xc1, 0x6a, 0x07, 0x3e, 0x60, 0x4b, 0x91, 0x3e, 0x3b, 0xa4, 0x19, 0x3e,
    0xfe, 0x4c, 0x8a, 0x3d, 0x5b, 0x69, 0xdd, 0xbd, 0x71, 0x05, 0x6a, 0x3e,
    0x7c, 0xf7, 0xb0, 0xbd, 0xb0, 0xa9, 0x82, 0x3e, 0x5b, 0xcb, 0x12, 0x3d,
    0xc5, 0x72, 0x87, 0xbd, 0x9b, 0xbb, 0xa8, 0x3b, 0x0c, 0xf4, 0x93, 0x3e,
    0x0b, 0x0e, 0x54, 0x3e, 0x16, 0xf5, 0xf8, 0xbd, 0x1d, 0x8c, 0x1d, 0xbe,
    0x67, 0x8f, 0x66, 0x3e, 0x77, 0x44, 0x45, 0xbd, 0x25, 0x19, 0xa9, 0x3d,
    0xc7, 0xef, 0x6d, 0x3e, 0xcb, 0x1b, 0xa9, 0x3e, 0xdd, 0x58, 0x12, 0x3e,
    0xf7, 0x8b, 0xa7, 0x3e, 0xbe, 0x0e, 0x02, 0x3e, 0x3e, 0xe3, 0x59, 0x3e,
    0xbe, 0x63, 0x8a, 0x3d, 0x1c, 0x66, 0x58, 0xbc, 0x67, 0x15, 0x51, 0x3e,
    0xa8, 0xcb, 0x76, 0x3e, 0x8a, 0x66, 0x58, 0xbe, 0x28, 0x80, 0x8e, 0x3e,
    0x14, 0xd2, 0x51, 0xbd, 0x17, 0xe2, 0xa8, 0x3e, 0xcf, 0x42, 0x9f, 0xbd,
    0x8a, 0x2f, 0xa3, 0x3e, 0x8c, 0x3d, 0x1c, 0x3d, 0xe2, 0x57, 0x10, 0x3e,
    0x29, 0x0f, 0x2d, 0xbe, 0x44, 0x73, 0x84, 0x3e, 0xb1, 0x59, 0x8b, 0xbd,
    0xcd, 0x9f, 0x04, 0xbd, 0xca, 0xd9, 0x44, 0xbe, 0x09, 0x0b, 0xa7, 0x3e,
    0x08, 0x07, 0x16, 0xbd, 0x10, 0x34, 0x41, 0xbd, 0x3e, 0x94, 0xd8, 0xbd,
    0xf7, 0xfe, 0xac, 0x3e, 0x12, 0x04, 0xcf, 0x3c, 0x61, 0xcb, 0x4a, 0x3e,
    0xb5, 0x33, 0x4f, 0xbe, 0xd3, 0x47, 0x26, 0x3e, 0xb9, 0x9c, 0xb5, 0xbd,
    0x5f, 0xa6, 0x97, 0x3d, 0xe3, 0xa4, 0xc9, 0xbd, 0x88, 0x9d, 0x34, 0x3e,
    0x46, 0x66, 0x01, 0x3c, 0x06, 0xa8, 0x28, 0xbc, 0x27, 0x2d, 0xff, 0x3d,
    0xf5, 0x66, 0x4e, 0x3e, 0x5b, 0xc5, 0x8b, 0x3d, 0x86, 0xfc, 0xb2, 0x3e,
    0xba, 0xc6, 0x98, 0x3d, 0x13, 0xcf, 0x39, 0x3e, 0x77, 0xac, 0x8d, 0x3e,
    0x34, 0x84, 0x82, 0xbd, 0xe6, 0x31, 0xca, 0x3c, 0x3d, 0x23, 0xae, 0xbc,
    0x82, 0x24, 0x46, 0xbe, 0x77, 0x6e, 0x9b, 0x3e, 0x37, 0xf9, 0x0f, 0x3e,
    0x95, 0x95, 0x58, 0xbd, 0x95, 0x1e, 0xee, 0x3d, 0x22, 0x92, 0x69, 0xbe,
    0x3e, 0x37, 0xcd, 0xbd, 0x94, 0xba, 0x9e, 0x3e, 0xbe, 0x40, 0x95, 0x3e,
    0xbc, 0xd5, 0x87, 0xbe, 0xe9, 0x62, 0x55, 0x3e, 0xd9, 0x89, 0xa9, 0xbe,
    0x7f, 0xda, 0x8a, 0xbe, 0xc9, 0xf5, 0x72, 0x3d, 0x1e, 0xa6, 0x50, 0x3c,
    0x11, 0x4c, 0xad, 0xbc, 0x27, 0x1f, 0x5c, 0x3e, 0x96, 0x54, 0xb4, 0xbe,
    0x38, 0x85, 0x71, 0xbe, 0x53, 0x79, 0x34, 0x3e, 0xbf, 0x33, 0xd3, 0x3e,
    0xe0, 0x40, 0xfa, 0x3d, 0xd8, 0x22, 0x6f, 0xbc, 0xd5, 0xd4, 0x91, 0xbe,
    0x42, 0x43, 0x10, 0x3e, 0xe8, 0x05, 0x11, 0x3a, 0x40, 0xb7, 0xfe, 0xbc,
    0x2e, 0x20, 0x5f, 0xbe, 0xea, 0xe6, 0x0a, 0xbe, 0x3f, 0x16, 0x21, 0xbc,
    0x5f, 0xad, 0x10, 0x3e, 0x47, 0x4b, 0x32, 0x3e, 0xb8, 0x43, 0x23, 0xbe,
    0xcd, 0xce, 0x49, 0x3d, 0x4f, 0x06, 0xac, 0xbe, 0x41, 0x1f, 0xd6, 0xbd,
    0x61, 0x0c, 0x21, 0x3e, 0x33, 0xb2, 0x62, 0xbc, 0x71, 0xa1, 0x90, 0xbe,
    0x97, 0x8b, 0x13, 0xbe, 0x5f, 0x33, 0x89, 0xbe, 0x05, 0x5b, 0x7d, 0x3e,
    0x08, 0x9e, 0x93, 0x3d, 0xba, 0x17, 0x20, 0xbe, 0x21, 0x88, 0x63, 0x3d,
    0xde, 0xb2, 0x87, 0xbe, 0xfa, 0x60, 0x00, 0xbe, 0x74, 0xc4, 0xa5, 0xbd,
    0xfe, 0xa8, 0x47, 0xbe, 0xb2, 0x05, 0xf2, 0xbd, 0xbf, 0x3f, 0x1c, 0x3e,
    0xca, 0xfa, 0x8b, 0xbe, 0xb3, 0x33, 0xab, 0xbe, 0x17, 0xdb, 0x67, 0x3d,
    0x6c, 0x92, 0xb1, 0xbd, 0xc5, 0xb0, 0x1a, 0x3e, 0x57, 0xa6, 0x45, 0x3e,
    0xed, 0x4c, 0x01, 0xbb, 0x61, 0x71, 0x23, 0xbe, 0x22, 0x96, 0x81, 0xbe,
    0xbe, 0x5a, 0xdf, 0xbd, 0x5c, 0xb8, 0xbc, 0xbd, 0x1e, 0xde, 0x65, 0x3e,
    0xc1, 0x59, 0x82, 0xbd, 0x40, 0xd9, 0x18, 0x3d, 0x67, 0x9e, 0xab, 0xbe,
    0x60, 0x93, 0x49, 0xbe, 0x66, 0x8e, 0xc2, 0xbd, 0x23, 0xcb, 0x06, 0x3e,
    0xbc, 0x58, 0xb9, 0x3e, 0x5e, 0x9a, 0x3e, 0xbc, 0xb6, 0xe5, 0x03, 0x3d,
    0x4a, 0xdb, 0x62, 0xbe, 0x74, 0x7a, 0x36, 0x3e, 0x37, 0x2f, 0x70, 0x3e,
    0x30, 0xd0, 0x3e, 0x3e, 0x89, 0xda, 0x58, 0x3c, 0x68, 0x5e, 0x9a, 0xbe,
    0x0e, 0x01, 0x47, 0xbd, 0x14, 0x90, 0x5f, 0xbd, 0x77, 0xa0, 0x11, 0x3e,
    0x9f, 0x44, 0x23, 0x3d, 0x0f, 0xdf, 0x03, 0xbe, 0x29, 0x95, 0xcd, 0xbd,
    0xbd, 0xad, 0x8c, 0xbe, 0xd9, 0x35, 0x36, 0xbe, 0xa2, 0x2b, 0x3a, 0xbe,
    0x70, 0xc7, 0xca, 0x3d, 0xe8, 0xbc, 0x2a, 0x3c, 0x0c, 0xce, 0x29, 0x3e,
    0x48, 0x4a, 0x14, 0xbe, 0xd2, 0x1d, 0x17, 0x3e, 0x20, 0xc3, 0x26, 0xbe,
    0x12, 0x80, 0xba, 0xbd, 0xe9, 0xf2, 0xb0, 0xbe, 0x56, 0x08, 0x41, 0xbd,
    0xd1, 0xf4, 0x84, 0xbe, 0x73, 0xe8, 0x95, 0xbe, 0x0c, 0x4d, 0x32, 0xbe,
    0xcd, 0x55, 0x57, 0xbe, 0x49, 0xcd, 0x3c, 0xbe, 0xe9, 0x2e, 0x30, 0xbe,
    0xed, 0x99, 0x7b, 0xbe, 0xa2, 0x50, 0x98, 0xbe, 0xe7, 0x82, 0xbb, 0x3d,
    0x57, 0x39, 0x42, 0xbe, 0x56, 0xbd, 0xbb, 0xbe, 0xe0, 0xd4, 0xd7, 0x3d,
    0xf9, 0x4d, 0x8b, 0xbe, 0x33, 0x0b, 0xaa, 0xbd, 0xa4, 0x88, 0x8b, 0x3d,
    0xdb, 0x44, 0x09, 0x3e, 0xd8, 0xf1, 0xa9, 0xbd, 0x43, 0x5b, 0x5e, 0x3d,
    0x96, 0xd7, 0x84, 0x3e, 0x72, 0x13, 0xa2, 0xbe, 0xf3, 0xfc, 0x8d, 0x3e,
    0x2d, 0x2a, 0x2d, 0xbd, 0xec, 0xe8, 0x8f, 0x3e, 0x15, 0x00, 0x2e, 0xbd,
    0x04, 0x58, 0x37, 0xbd, 0x7b, 0x23, 0x77, 0xbe, 0xc5, 0x01, 0x26, 0x3e,
    0xea, 0x36, 0x29, 0x3e, 0x92, 0xc2, 0x6f, 0x3c, 0x2b, 0xb4, 0x3c, 0xbd,
    0x19, 0x0b, 0x10, 0xbe, 0xf0, 0x94, 0x5b, 0xbe, 0x88, 0xc1, 0x47, 0x3e,
    0xd0, 0x72, 0xec, 0xbd, 0x64, 0xf2, 0x8f, 0x3c, 0xe9, 0x1b, 0xb8, 0xbd,
    0x26, 0x3c, 0x03, 0x3e, 0x4d, 0x29, 0x9a, 0xbc, 0x47, 0xbd, 0x39, 0xbe,
    0xa1, 0xc7, 0xaf, 0x3e, 0x53, 0x74, 0x5b, 0x3e, 0x52, 0x8f, 0xf1, 0x3d,
    0xb3, 0x6f, 0x45, 0x3e, 0xcd, 0x8b, 0xa6, 0xbd, 0xe3, 0xfe, 0x2d, 0x3d,
    0x33, 0x5c, 0x52, 0x3e, 0x1c, 0xf8, 0x76, 0x3d, 0x39, 0x67, 0xbb, 0xbd,
    0x92, 0xee, 0x2b, 0xbe, 0xeb, 0xe3, 0x83, 0xbe, 0xf4, 0x0b, 0x43, 0x3d,
    0x1c, 0xb7, 0xf2, 0x3c, 0x81, 0x87, 0xe9, 0x3d, 0x0f, 0x7b, 0xc6, 0xbc,
    0x38, 0x50, 0x28, 0xbe, 0x00, 0xd1, 0xbc, 0xbe, 0xa2, 0x1f, 0x72, 0xbd,
    0x9f, 0x82, 0x11, 0xbe, 0x10, 0x91, 0x31, 0x3e, 0x5a, 0xc1, 0xc6, 0xbd,
    0xed, 0x30, 0x42, 0x3e, 0x85, 0x38, 0x8b, 0xbe, 0x7d, 0x9f, 0x5d, 0x3e,
    0xaf, 0xf1, 0xde, 0xbd, 0xdd, 0xed, 0x2d, 0xbe, 0xc1, 0x37, 0x42, 0x3e,
    0xa2, 0x66, 0xb2, 0x3d, 0x1d, 0xbf, 0x91, 0xbe, 0x42, 0x98, 0x40, 0xbe,
    0x0f, 0xdb, 0x61, 0xbb, 0x94, 0xef, 0xee, 0xbd, 0x09, 0x6e, 0x43, 0x3e,
    0xce, 0x1a, 0x69, 0x3e, 0xc8, 0xeb, 0x55, 0xbe, 0x75, 0x09, 0x23, 0xbe,
    0x07, 0x38, 0x40, 0xbe, 0xd4, 0xa6, 0x76, 0x3d, 0xa4, 0x18, 0x6f, 0x3d,
    0xe5, 0x3f, 0x94, 0xbc, 0x23, 0x81, 0xbc, 0x3e, 0x5d, 0xad, 0xeb, 0xbd,
    0xec, 0x92, 0xfb, 0xbd, 0x76, 0x27, 0x67, 0xbd, 0x58, 0x1f, 0xfc, 0xbc,
    0x75, 0xda, 0x4e, 0xbe, 0xa0, 0xe4, 0xbe, 0x3e, 0x19, 0x4d, 0x43, 0xbe,
    0x8e, 0x94, 0x72, 0xbe, 0x65, 0x58, 0x92, 0x3e, 0x9e, 0x62, 0x94, 0xbe,
    0x1a, 0x77, 0x4d, 0x3e, 0x66, 0xea, 0xe6, 0x3c, 0x74, 0xfa, 0x1f, 0xbe,
    0x62, 0x4f, 0x4d, 0xbe, 0x39, 0xa2, 0xe5, 0x3d, 0x84, 0xb4, 0xad, 0x3d,
    0xc4, 0x01, 0x88, 0xbc, 0xfd, 0x7d, 0xba, 0x3e, 0x80, 0xe8, 0x1c, 0x3e,
    0x8f, 0xa3, 0x84, 0xbe, 0xeb, 0x3d, 0xbb, 0x3d, 0xe3, 0x9a, 0x90, 0xbe,
    0xab, 0x26, 0xb0, 0x3d, 0x3d, 0x7c, 0x1a, 0x3e, 0x4a, 0x7e, 0x93, 0x3d,
    0xc1, 0x03, 0x8e, 0xbe, 0xf3, 0x57, 0x31, 0x3d, 0x3c, 0x3c, 0x80, 0xbe,
    0xba, 0x2d, 0xd6, 0xbd, 0x12, 0xf1, 0x94, 0xbd, 0xa3, 0x05, 0x3c, 0xbe,
    0x5b, 0xa8, 0x49, 0xbe, 0x20, 0x54, 0x80, 0x3e, 0x91, 0x9d, 0x61, 0xbe,
    0x18, 0xab, 0xb4, 0xbd, 0xa6, 0x8d, 0x32, 0xbe, 0x60, 0x59, 0x7f, 0xbe,
    0x42, 0x2c, 0x12, 0xbe, 0xb3, 0xec, 0x28, 0xbe, 0xac, 0xd1, 0x39, 0x3d,
    0xbf, 0x44, 0x27, 0xbe, 0x8c, 0x5a, 0xd5, 0xbd, 0x41, 0x61, 0xfe, 0xbd,
    0x81, 0x0e, 0xdf, 0xbd, 0x81, 0xee, 0x96, 0x3e, 0x73, 0x7b, 0x06, 0xbe,
    0x2e, 0xec, 0x38, 0xbe, 0xf8, 0x72, 0x1b, 0x3d, 0x6b, 0xd3, 0xb1, 0x3d,
    0xd4, 0xd9, 0x76, 0xbe, 0x48, 0x42, 0x92, 0x3e, 0xd6, 0x6a, 0x07, 0x3e,
    0xd8, 0xb1, 0x7e, 0xbe, 0x98, 0xdd, 0xad, 0x3d, 0x5b, 0x51, 0x55, 0xbe,
    0x76, 0xeb, 0xe0, 0xbd, 0x54, 0x25, 0xa1, 0x3e, 0xd1, 0xbf, 0x8e, 0xbe,
    0x21, 0x3d, 0x0d, 0x3e, 0x15, 0xb7, 0x0f, 0x3e, 0x61, 0x11, 0x3a, 0xbd,
    0xb8, 0xde, 0x91, 0x3e, 0xe5, 0x73, 0xed, 0x3d, 0x26, 0x56, 0x09, 0xbe,
    0x5e, 0x68, 0xae, 0x3d, 0x80, 0xfd, 0x0a, 0x3d, 0xd7, 0x82, 0xb1, 0xbe,
    0xb2, 0x37, 0x9f, 0xbc, 0x7a, 0xe8, 0x66, 0x3d, 0xec, 0xf8, 0x9a, 0xbe,
    0x9e, 0xcf, 0x5f, 0xbe, 0x83, 0x31, 0xc5, 0xbd, 0xc8, 0xf6, 0xbe, 0xbe,
    0x3a, 0x0e, 0x74, 0x3e, 0x3e, 0x6f, 0x08, 0xbc, 0xf5, 0xdc, 0x4d, 0x3d,
    0xd2, 0x2d, 0x96, 0x3d, 0x68, 0xe4, 0xce, 0x3d, 0x6a, 0x98, 0x5c, 0xbe,
    0x77, 0x69, 0xf0, 0xbd, 0xd3, 0xe8, 0x49, 0xbe, 0x15, 0x59, 0x90, 0xbe,
    0x30, 0x7a, 0x29, 0x3d, 0x7e, 0xad, 0x59, 0x3d, 0xa7, 0xf2, 0x12, 0xbe,
    0x27, 0x58, 0x3d, 0x3e, 0xb4, 0x17, 0x60, 0xbe, 0x62, 0x8a, 0x47, 0xbd,
    0xa8, 0x5d, 0x1f, 0x3e, 0xb0, 0x07, 0xd2, 0xbd, 0x4a, 0x20, 0xbd, 0x3d,
    0x53, 0x84, 0x45, 0x3d, 0x41, 0x47, 0xb7, 0xbd, 0xff, 0xa9, 0xef, 0x3d,
    0x27, 0x51, 0x30, 0x3e, 0x73, 0x96, 0x70, 0xbe, 0x2a, 0x1d, 0x9b, 0x3e,
    0x75, 0x8f, 0xce, 0xbd, 0xa9, 0xf5, 0x2a, 0x3d, 0x33, 0xff, 0x27, 0xbe,
    0x5a, 0xb6, 0x7e, 0x3e, 0x64, 0x0a, 0x46, 0xbe, 0x67, 0x43, 0x39, 0x3e,
    0xba, 0xd7, 0xb3, 0xbc, 0x5e, 0xcd, 0x4b, 0xbc, 0x47, 0xf2, 0x51, 0x3d,
    0xcc, 0x42, 0x04, 0x3e, 0x0b, 0x43, 0x2c, 0x3e, 0x98, 0xcd, 0xa0, 0x3e,
    0x75, 0x87, 0x35, 0x3e, 0x60, 0xfc, 0x48, 0x3e, 0x75, 0x2f, 0x09, 0x3e,
    0x20, 0x01, 0xb1, 0xbd, 0x2e, 0xc2, 0x46, 0x3d, 0xfd, 0xba, 0x8e, 0x3e,
    0x90, 0xde, 0xaf, 0xbd, 0xec, 0x45, 0x97, 0x3d, 0x35, 0xe6, 0x27, 0x3e,
    0x6a, 0xe5, 0xff, 0xff, 0x04, 0x00, 0x00, 0x00, 0x00, 0x18, 0x00, 0x00,
    0xb1, 0xf1, 0x7a, 0x3e, 0x3f, 0x00, 0x28, 0xbc, 0x31, 0x0d, 0xee, 0xbd,
    0x7e, 0x62, 0xc8, 0xbd, 0xfc, 0xff, 0xb2, 0xbd, 0x2f, 0xce, 0x09, 0xbe,
    0xe0, 0x9c, 0x6a, 0xbb, 0xb2, 0x7e, 0x16, 0x3e, 0x4d, 0x0f, 0x85, 0x3d,
    0x10, 0xb6, 0x84, 0x3d, 0x4c, 0xa7, 0x60, 0xbd, 0x05, 0x7a, 0xd4, 0x3d,
    0x01, 0x6b, 0x36, 0xbe, 0x58, 0xb8, 0xd0, 0xbd, 0x3d, 0xef, 0x88, 0xbd,
    0x6a, 0x3f, 0x29, 0x3e, 0x64, 0xa0, 0x91, 0x3d, 0x41, 0xec, 0x99, 0x3e,
    0x89, 0xc0, 0xd2, 0x3d, 0x72, 0x87, 0xa9, 0x3d, 0x79, 0xb8, 0x26, 0xbe,
    0x4f, 0xfc, 0xd0, 0x3d, 0x92, 0x33, 0xc9, 0xbd, 0x62, 0xa0, 0x4e, 0xbb,
    0x82, 0x5a, 0x42, 0x3e, 0xd9, 0x76, 0x3c, 0xbe, 0x8f, 0x92, 0x90, 0x3e,
    0x43, 0xb3, 0x45, 0x3d, 0x99, 0x80, 0xd5, 0xbd, 0x24, 0x44, 0x50, 0x3d,
    0xea, 0x9f, 0x43, 0x3e, 0xe6, 0xb0, 0x8b, 0x3e, 0x72, 0x8b, 0x1d, 0x3e,
    0xef, 0x29, 0xbe, 0xbc, 0x13, 0x82, 0xe8, 0x3d, 0x8a, 0x07, 0x02, 0x3d,
    0x17, 0x7e, 0x3d, 0xbe, 0x17, 0x18, 0xa6, 0x3c, 0xfb, 0x2a, 0x2b, 0xbd,
    0x6a, 0xcb, 0xbb, 0xbc, 0xc3, 0x1a, 0x64, 0x3e, 0x03, 0xe2, 0x5c, 0x3d,
    0x68, 0x24, 0x25, 0xbd, 0x50, 0x0f, 0x36, 0xbe, 0x8e, 0x73, 0x40, 0xbd,
    0x65, 0x06, 0x20, 0xbe, 0xd7, 0x9b, 0xa4, 0x3e, 0xef, 0xf5, 0xea, 0x3d,
    0xe0, 0xa2, 0xde, 0x3d, 0x0e, 0xc9, 0x94, 0x3d, 0xcf, 0xfd, 0xb3, 0xbd,
    0xa3, 0xb6, 0x18, 0x3e, 0x22, 0xf0, 0x83, 0xbc, 0xc1, 0xad, 0x01, 0x3d,
    0x13, 0x5b, 0x19, 0x3e, 0xf9, 0x47, 0x4b, 0x3e, 0xbb, 0x91, 0x4c, 0xbe,
    0xb8, 0x98, 0x67, 0x3e, 0xb6, 0xe0, 0xfa, 0x3b, 0x34, 0x61, 0xcb, 0xbd,
    0xb9, 0x68, 0x46, 0x3e, 0x20, 0xe3, 0x69, 0x3e, 0x4d, 0x81, 0x88, 0xbd,
    0x00, 0x56, 0x32, 0x3e, 0x51, 0x96, 0x61, 0x3e, 0xcb, 0xb6, 0x87, 0xbc,
    0x5a, 0xe4, 0x74, 0x3e, 0x13, 0xc9, 0xd0, 0x3c, 0xf3, 0x5f, 0xe9, 0x3c,
    0x29, 0x92, 0xa8, 0xbd, 0x74, 0xd9, 0x65, 0xbd, 0x20, 0x74, 0xa7, 0xbd,
    0x36, 0x41, 0x0a, 0xbe, 0xaf, 0x7e, 0xb2, 0xbd, 0x0f, 0x58, 0x76, 0x3c,
    0x84, 0xb0, 0xd8, 0x3c, 0xce, 0x14, 0x6c, 0xbd, 0x48, 0x08, 0x1b, 0x3e,
    0xf7, 0x64, 0x9d, 0x3d, 0xff, 0x9d, 0x98, 0xbd, 0x16, 0x4f, 0x70, 0x3d,
    0xcf, 0xde, 0x80, 0xbb, 0xfb, 0x77, 0x3a, 0x3d, 0x81, 0x97, 0x64, 0x3e,
    0x63, 0xbb, 0x18, 0xbe, 0x00, 0x56, 0x46, 0x3d, 0x22, 0x50, 0xa9, 0xbd,
    0x74, 0x91, 0xbf, 0x3d, 0xb6, 0x9e, 0x08, 0xbe, 0x35, 0xfa, 0x8a, 0x3e,
    0x58, 0x65, 0x51, 0x3e, 0x6b, 0x81, 0x4b, 0x3e, 0x5b, 0xd4, 0x06, 0xbe,
    0xa6, 0xc5, 0x86, 0x3e, 0x80, 0x8a, 0xb1, 0x3d, 0xb6, 0xb9, 0x27, 0x3e,
    0x67, 0x2e, 0x87, 0xbd, 0x33, 0xfc, 0x0a, 0x3e, 0x2e, 0x6d, 0x0e, 0x3e,
    0x25, 0xd8, 0x72, 0x3e, 0xac, 0xed, 0x61, 0x3e, 0xde, 0x31, 0x57, 0xbd,
    0x0c, 0xd7, 0x15, 0xbe, 0xd2, 0x17, 0x29, 0x3e, 0xe3, 0xe4, 0xf5, 0x3d,
    0x67, 0x1b, 0xd1, 0x3c, 0xfd, 0x6d, 0x8c, 0xbc, 0x6e, 0x69, 0xdb, 0xbd,
    0x77, 0x2a, 0x50, 0x3e, 0x13, 0x36, 0x00, 0xbe, 0x21, 0xb3, 0x2c, 0x3e,
    0xdf, 0xfb, 0xf5, 0xbd, 0xe6, 0x57, 0xae, 0x3d, 0x93, 0x0e, 0x38, 0xbe,
    0x5c, 0x95, 0x0a, 0x3e, 0xad, 0x1a, 0x72, 0x3e, 0x45, 0xae, 0x66, 0x3e,
    0x7b, 0x3b, 0x16, 0x3c, 0x0f, 0x13, 0xf5, 0xbd, 0x18, 0x7e, 0x2c, 0xbd,
    0x30, 0xaa, 0x42, 0x3e, 0x1a, 0x99, 0x09, 0x3e, 0x37, 0xd5, 0x6b, 0x3d,
    0x8b, 0x1a, 0x4c, 0xbe, 0xc6, 0xa3, 0x12, 0x3e, 0xd4, 0x37, 0xd5, 0x3d,
    0x87, 0x61, 0xfd, 0x3c, 0x48, 0x2a, 0x56, 0x3b, 0x2c, 0x9e, 0x38, 0xbe,
    0x0c, 0x81, 0x3c, 0x3d, 0x2a, 0x83, 0x32, 0xbe, 0x30, 0xf9, 0xe2, 0xbd,
    0x35, 0x8b, 0x32, 0x3e, 0x56, 0x51, 0x05, 0xbe, 0x4d, 0x58, 0x53, 0x3e,
    0x4c, 0x4e, 0x3f, 0x3e, 0x95, 0x85, 0xf6, 0x3c, 0x7c, 0xe7, 0x98, 0xbd,
    0xe4, 0x16, 0xb7, 0x3d, 0x7f, 0x07, 0xb3, 0x3d, 0x9e, 0x9d, 0x31, 0xbe,
    0x67, 0x17, 0x90, 0xbc, 0x17, 0xcc, 0x76, 0xbd, 0x3e, 0x10, 0x67, 0x3d,
    0x49, 0x6e, 0xd0, 0x3d, 0xa5, 0x68, 0xc9, 0x3d, 0xe0, 0x38, 0x4e, 0x3b,
    0x94, 0x94, 0x45, 0xbe, 0x40, 0xb8, 0x49, 0xbe, 0x46, 0x2d, 0x00, 0x3c,
    0x68, 0x64, 0xeb, 0x3d, 0x98, 0x2f, 0x23, 0x3e, 0x70, 0x3b, 0x03, 0x3d,
    0xd5, 0xa8, 0xb7, 0x3c, 0x35, 0x49, 0xfd, 0x3d, 0x75, 0x05, 0xc1, 0xbd,
    0xfc, 0x0e, 0x86, 0xbe, 0x9e, 0x94, 0x0e, 0xbe, 0x44, 0xc5, 0x7f, 0x3d,
    0xec, 0x11, 0xe5, 0xbc, 0x5d, 0xc3, 0xf8, 0x3b, 0xe0, 0xf5, 0x88, 0x3e,
    0x7f, 0xfa, 0xa5, 0x3d, 0x0a, 0x9a, 0x1f, 0x3e, 0x9a, 0x15, 0x73, 0xbe,
    0xd5, 0xc9, 0x06, 0xbe, 0x14, 0xa9, 0xdb, 0xbd, 0xbd, 0x42, 0x15, 0x3e,
    0xda, 0xfe, 0x72, 0x3d, 0x6b, 0xd7, 0x35, 0xbe, 0xd1, 0xd2, 0x6a, 0x3e,
    0xe1, 0x00, 0x91, 0x3d, 0x35, 0x79, 0x26, 0xbe, 0xe2, 0x2f, 0x1e, 0xbe,
    0xfb, 0x21, 0xb9, 0xbd, 0x85, 0xc0, 0x2c, 0xbd, 0x96, 0xe8, 0x91, 0x3d,
    0x8e, 0xaa, 0x6d, 0x3e, 0x00, 0x2d, 0x17, 0xbe, 0x53, 0x03, 0x63, 0x3d,
    0x12, 0xf0, 0x02, 0xbe, 0x9c, 0x79, 0xc4, 0x3d, 0x67, 0xa2, 0x20, 0xbe,
    0x45, 0x60, 0x63, 0xbc, 0xa2, 0x1a, 0x0c, 0xbe, 0x5d, 0xba, 0xc2, 0xbd,
    0xd4, 0x82, 0x42, 0x3e, 0xd1, 0x89, 0xf0, 0x3d, 0xa5, 0x21, 0xc9, 0x3d,
    0xd1, 0x54, 0x75, 0x3d, 0x44, 0xc9, 0x02, 0xbe, 0xa1, 0xa7, 0xbf, 0x3d,
    0x2d, 0xca, 0x02, 0x3e, 0xac, 0x82, 0x1a, 0xbe, 0x4f, 0x63, 0x6f, 0xbc,
    0x6d, 0xcc, 0x5c, 0xbe, 0x66, 0x1d, 0xb6, 0xbd, 0xca, 0x78, 0xf6, 0xbd,
    0x71, 0x95, 0x1d, 0xbd, 0x86, 0x21, 0x8b, 0x3d, 0x33, 0x6b, 0x48, 0x3b,
    0x82, 0x36, 0xea, 0x3c, 0x2b, 0x4c, 0x62, 0xbe, 0xd8, 0xe7, 0x07, 0xbe,
    0xd6, 0x6f, 0x8b, 0xbd, 0x5b, 0xe6, 0xfd, 0xbd, 0x14, 0x92, 0x8e, 0xbd,
    0xee, 0xa1, 0xd6, 0xbd, 0x48, 0x12, 0xdf, 0x3d, 0xc0, 0xb2, 0xcf, 0xbd,
    0xc7, 0xf2, 0x5d, 0xbe, 0x24, 0xce, 0x9c, 0xbd, 0x9d, 0xf5, 0x81, 0x3e,
    0xd2, 0x33, 0xc9, 0x3d, 0xfa, 0x08, 0x01, 0xbe, 0xce, 0x26, 0xd3, 0xbd,
    0xb0, 0x89, 0xf4, 0x3d, 0x19, 0x1b, 0x09, 0x3d, 0x68, 0x51, 0x24, 0xbe,
    0x31, 0x04, 0x4c, 0xbe, 0xe9, 0x3b, 0x84, 0x3e, 0x1b, 0x89, 0x90, 0xbd,
    0x38, 0x50, 0x03, 0x3e, 0xdf, 0x0f, 0xc1, 0xbd, 0x7c, 0x8b, 0x14, 0xbd,
    0x46, 0xc3, 0x7a, 0xbd, 0x19, 0xa2, 0x20, 0xbe, 0xaf, 0xb8, 0xa9, 0xbd,
    0x9f, 0xf8, 0xcc, 0x3d, 0x54, 0x57, 0x01, 0x3a, 0x49, 0x13, 0x1f, 0xbd,
    0xa4, 0x4d, 0x10, 0xbd, 0xd5, 0x25, 0x04, 0x3e, 0xe8, 0xb1, 0xbe, 0xbd,
    0xf4, 0x69, 0xd9, 0x3d, 0xad, 0xcc, 0x74, 0xbe, 0x3d, 0x3c, 0x21, 0x3e,
    0x10, 0xc3, 0x7b, 0xbc, 0x94, 0xf0, 0x0e, 0xbe, 0x3d, 0x43, 0x8a, 0xbd,
    0x22, 0xd4, 0xaa, 0xbc, 0xff, 0x48, 0x10, 0xbe, 0x20, 0x08, 0x7d, 0x3e,
    0x3c, 0xf3, 0x04, 0x3e, 0x32, 0x90, 0x70, 0xbe, 0x92, 0xd8, 0x1f, 0x3c,
    0x80, 0x30, 0x77, 0x3d, 0x07, 0x09, 0xa4, 0x3d, 0xb1, 0x72, 0x9c, 0xbd,
    0x91, 0xef, 0xee, 0x3d, 0xc3, 0xc9, 0x52, 0x3d, 0xd7, 0x72, 0x6c, 0xbd,
    0x22, 0xd6, 0xca, 0xbd, 0x4e, 0x0d, 0x42, 0xbd, 0xee, 0x42, 0x5c, 0x3d,
    0xb7, 0xef, 0x69, 0xbd, 0xf3, 0x62, 0x4b, 0x3e, 0x56, 0x27, 0xe5, 0xba,
    0xe1, 0xc7, 0x81, 0x3d, 0xdb, 0xe0, 0xf6, 0x3d, 0x9a, 0x5c, 0x4e, 0x3c,
    0x8b, 0x89, 0x97, 0x3c, 0x1d, 0x3b, 0x72, 0x3d, 0x4a, 0xe7, 0x2f, 0xbd,
    0x6d, 0x44, 0xd0, 0xbd, 0x57, 0x92, 0x5d, 0xbd, 0x5a, 0xae, 0x15, 0x3e,
    0xaa, 0x70, 0x24, 0x3c, 0xc0, 0x41, 0x43, 0xbd, 0x36, 0x6c, 0x2e, 0x3e,
    0x2c, 0xd1, 0x6c, 0x3e, 0xab, 0x98, 0x60, 0xbe, 0xf9, 0x54, 0x22, 0xbc,
    0x8c, 0x99, 0xba, 0x3d, 0x0c, 0x72, 0x8e, 0x3c, 0xe0, 0xcd, 0x79, 0xbe,
    0x43, 0x25, 0x54, 0x3c, 0x4f, 0x78, 0x7d, 0xbc, 0x5c, 0xe6, 0x6b, 0x3e,
    0x99, 0x6e, 0x51, 0x3d, 0x08, 0x21, 0xe6, 0xbd, 0xbd, 0xbe, 0x20, 0xbc,
    0x25, 0x82, 0x41, 0xbe, 0x03, 0x60, 0x55, 0xbe, 0xe5, 0xa4, 0xd4, 0x3c,
    0xd1, 0xd6, 0x0a, 0x3d, 0x62, 0x1b, 0xc2, 0xbd, 0x4f, 0x95, 0x36, 0xbe,
    0x72, 0xd0, 0x97, 0xbd, 0xda, 0xc9, 0x56, 0xbc, 0xe8, 0x51, 0xbb, 0x3d,
    0x61, 0x37, 0xc6, 0x3d, 0xb7, 0x5c, 0x42, 0xbe, 0x73, 0x7b, 0x51, 0xbd,
    0x1a, 0x46, 0x77, 0x3e, 0x81, 0x64, 0x4d, 0x3d, 0x63, 0x1b, 0x0f, 0xbe,
    0x15, 0x92, 0xe9, 0xbc, 0xa9, 0xaf, 0x2c, 0xbe, 0x48, 0x93, 0x1f, 0x3e,
    0x95, 0x92, 0x55, 0x3e, 0x97, 0xa3, 0x98, 0x3d, 0xdf, 0x91, 0xef, 0xbd,
    0x25, 0x46, 0x0e, 0xbe, 0x80, 0x92, 0x96, 0x3e, 0x86, 0xbe, 0xeb, 0x3d,
    0x25, 0x67, 0x41, 0x3e, 0xbd, 0xa4, 0x7b, 0xbc, 0xce, 0x24, 0x81, 0xbd,
    0xc7, 0x99, 0x98, 0x3c, 0x29, 0x42, 0x78, 0x3e, 0xfe, 0x27, 0x93, 0x3d,
    0xd3, 0x0c, 0x0c, 0x3e, 0x36, 0xb7, 0x82, 0xbd, 0x96, 0xb5, 0x10, 0xbe,
    0xa6, 0xbb, 0x4e, 0xbe, 0x40, 0xde, 0xc2, 0xbd, 0xcb, 0x92, 0xfd, 0x3d,
    0x6b, 0xcb, 0x6b, 0xbc, 0x09, 0x0a, 0x70, 0x3d, 0x60, 0x9a, 0x82, 0x3e,
    0x11, 0xf1, 0x0d, 0x3e, 0x8a, 0x31, 0x50, 0x3e, 0x4b, 0xf5, 0xbe, 0xbd,
    0xfb, 0xa1, 0xef, 0x3d, 0x3c, 0xfe, 0x1b, 0xbe, 0xfe, 0x88, 0xd0, 0x3d,
    0xa0, 0x86, 0x9e, 0xbd, 0x3f, 0x0a, 0x95, 0xba, 0x7a, 0x53, 0xfa, 0x3d,
    0xb2, 0xb5, 0x63, 0xbd, 0xe8, 0x0b, 0xa4, 0xbb, 0xac, 0x80, 0x8f, 0x3d,
    0x05, 0x76, 0x74, 0x3c, 0x8f, 0xd9, 0x4c, 0x3e, 0x2c, 0xde, 0x0d, 0xbe,
    0xee, 0xf3, 0x4f, 0x3e, 0xc7, 0x1d, 0x18, 0x3e, 0x59, 0x4f, 0x5d, 0x3e,
    0x49, 0xfb, 0x4f, 0x3e, 0x96, 0xdd, 0x28, 0x3e, 0xfe, 0x14, 0x37, 0x3c,
    0x3f, 0x84, 0x80, 0xbd, 0x7e, 0xaf, 0x0e, 0x3e, 0xaf, 0x14, 0x44, 0xbe,
    0xab, 0xd3, 0x94, 0x3e, 0x97, 0xaa, 0x05, 0x3e, 0x33, 0x18, 0x2c, 0x3e,
    0x93, 0x44, 0xf5, 0xbd, 0xaa, 0xbc, 0x33, 0x3e, 0x76, 0x99, 0x21, 0xbe,
    0xa0, 0xc1, 0x93, 0xbd, 0xc0, 0xdb, 0x5a, 0x3e, 0x09, 0xcb, 0x1e, 0x3e,
    0x50, 0x4d, 0x50, 0x3e, 0x31, 0xcd, 0x4f, 0xbd, 0xf8, 0x9d, 0x63, 0x3e,
    0x6c, 0x3f, 0xff, 0x3d, 0x84, 0xcc, 0x5b, 0x3b, 0xbc, 0xea, 0xb0, 0xbd,
    0xba, 0x94, 0x08, 0x3e, 0xf6, 0xfd, 0x89, 0x3e, 0x9c, 0xf5, 0xa6, 0x3d,
    0xa5, 0x84, 0x6c, 0x3d, 0xf3, 0x8b, 0x6b, 0xbe, 0x55, 0x11, 0x1e, 0xbe,
    0xf2, 0xcd, 0xdd, 0xbd, 0x20, 0x93, 0xd4, 0x3d, 0x81, 0x98, 0x85, 0x3d,
    0xfc, 0xbe, 0x53, 0xbe, 0x97, 0x34, 0x71, 0x3e, 0x76, 0xb6, 0x29, 0x3e,
    0x4f, 0x44, 0x18, 0x3e, 0xf4, 0x34, 0xac, 0x3d, 0xd4, 0xfa, 0x39, 0xbe,
    0xc4, 0x12, 0xfe, 0x3d, 0x4b, 0xa6, 0x05, 0x3e, 0x30, 0x5e, 0x33, 0x3e,
    0xb7, 0xad, 0x27, 0x3e, 0xb4, 0x5e, 0x5d, 0x3e, 0x44, 0x9f, 0x8e, 0xbd,
    0xae, 0xfe, 0xc0, 0xbd, 0x9d, 0x32, 0xd1, 0xbd, 0x44, 0x69, 0x18, 0xbe,
    0x3d, 0xef, 0x5a, 0xbc, 0x49, 0x8a, 0x1e, 0xbe, 0xb0, 0xf3, 0xa1, 0x3e,
    0x7c, 0xd2, 0x2d, 0xbd, 0x75, 0xf5, 0x0d, 0x3e, 0xa7, 0xf4, 0x3f, 0xbe,
    0xe7, 0xb9, 0x8e, 0x3d, 0xd3, 0xff, 0x80, 0x3e, 0x3c, 0x3e, 0x21, 0xbe,
    0xc1, 0x6e, 0x9c, 0xbd, 0x69, 0x9c, 0xaf, 0x3d, 0x7c, 0xcf, 0x41, 0xbd,
    0xd2, 0x43, 0xeb, 0x3d, 0x77, 0x7f, 0xc3, 0x3d, 0x14, 0xf3, 0xbd, 0x3d,
    0xb6, 0xbb, 0xe7, 0x3d, 0x85, 0x8e, 0x12, 0xbe, 0xf8, 0xcc, 0xbe, 0xbd,
    0x15, 0xb1, 0x81, 0x3e, 0x64, 0x8b, 0xfe, 0x3d, 0xda, 0x17, 0x22, 0x3e,
    0x7a, 0xa5, 0xc8, 0x3c, 0xff, 0x1d, 0x7b, 0xbd, 0xfb, 0xec, 0x8a, 0x3c,
    0xed, 0xcc, 0x13, 0xbe, 0x82, 0x95, 0x8f, 0x3e, 0xb4, 0xa6, 0xe2, 0xbc,
    0x48, 0x36, 0x77, 0xbd, 0x69, 0x1b, 0x8a, 0x3d, 0x14, 0x35, 0x8b, 0xbd,
    0x7a, 0xf5, 0xe8, 0xbb, 0xef, 0x12, 0xf3, 0xbd, 0x17, 0xad, 0x18, 0xbe,
    0x33, 0x7a, 0x38, 0xbc, 0x4b, 0x0b, 0x0a, 0x3e, 0xab, 0x0b, 0x01, 0x3e,
    0x5a, 0x4f, 0x25, 0xbe, 0x90, 0x4b, 0xa2, 0xbd, 0x28, 0x27, 0xf2, 0x3d,
    0x01, 0xcd, 0x67, 0x3e, 0xf7, 0xfc, 0x8e, 0xbc, 0xa6, 0x79, 0x3f, 0x3e,
    0x99, 0x31, 0xd4, 0x3d, 0x1d, 0x38, 0x05, 0x3e, 0x93, 0xd9, 0x0e, 0xbe,
    0xe1, 0x93, 0x53, 0x3e, 0x9f, 0xed, 0x5a, 0x3e, 0x99, 0xf9, 0x2d, 0x3e,
    0xff, 0x0f, 0xc3, 0xbd, 0x96, 0x74, 0xe4, 0x3d, 0xca, 0x6b, 0x2f, 0x3e,
    0xa2, 0xa5, 0xbd, 0xbd, 0x2f, 0xd0, 0x83, 0xbd, 0x7d, 0x7e, 0x62, 0xbe,
    0xfb, 0xf2, 0xbb, 0xbc, 0x3a, 0xfd, 0x9d, 0xbd, 0xb4, 0x95, 0xe1, 0xbd,
    0xdb, 0x1b, 0x1f, 0x3a, 0x83, 0xdd, 0xa9, 0xbc, 0x82, 0xf2, 0x9a, 0x3c,
    0x3d, 0x54, 0x2e, 0xbe, 0x34, 0xb8, 0x39, 0x3e, 0xc9, 0x7a, 0xbb, 0x3d,
    0xa9, 0x0b, 0x25, 0x3e, 0x58, 0x0b, 0x22, 0x3e, 0x9a, 0xad, 0x13, 0xbc,
    0x7b, 0x11, 0x05, 0x3e, 0xc4, 0x91, 0x9d, 0xbc, 0xe7, 0x41, 0x02, 0xbe,
    0xfe, 0x03, 0xbc, 0xbd, 0x92, 0x7c, 0xf9, 0xbd, 0x2f, 0x00, 0x4c, 0x3d,
    0xf8, 0xc6, 0x27, 0x3d, 0xb4, 0xa0, 0xef, 0xbd, 0x2e, 0xf3, 0x07, 0x3e,
    0x40, 0xdc, 0x94, 0x3e, 0x8d, 0x61, 0x29, 0xbc, 0xcb, 0xba, 0xe5, 0x3c,
    0xab, 0x53, 0x34, 0xbd, 0x83, 0xd5, 0xa9, 0x3d, 0xfb, 0xca, 0xa7, 0x3d,
    0xb9, 0xce, 0x74, 0x3e, 0x0b, 0x72, 0x18, 0x3e, 0xd9, 0x96, 0x6d, 0xbd,
    0x3d, 0xd5, 0x5d, 0x3d, 0x49, 0x14, 0xa7, 0xbd, 0x39, 0xf1, 0x44, 0x3d,
    0xf3, 0xf6, 0x28, 0xbe, 0x2f, 0x0c, 0x1e, 0xbe, 0x30, 0x21, 0x78, 0x3d,
    0xdd, 0x63, 0xa7, 0xbc, 0x02, 0xe1, 0xe7, 0xbd, 0xc1, 0xa2, 0x41, 0xbe,
    0x54, 0x05, 0x44, 0x3e, 0x0c, 0x0c, 0x14, 0x3e, 0xdf, 0x5e, 0xe9, 0x3a,
    0x91, 0x09, 0x81, 0x3d, 0x64, 0xf9, 0x32, 0xbd, 0x9a, 0xee, 0xfe, 0x3d,
    0x81, 0xab, 0x3e, 0xbe, 0x65, 0x6b, 0xd5, 0xbc, 0x6f, 0xdb, 0x6d, 0xbe,
    0x5c, 0x03, 0x1c, 0xbe, 0xdc, 0x4e, 0x6d, 0x3b, 0x48, 0xeb, 0x50, 0xbe,
    0xb7, 0x94, 0x58, 0xbe, 0x23, 0x65, 0x07, 0x3d, 0x88, 0x95, 0x2e, 0x3e,
    0xa1, 0xd3, 0x2b, 0xbd, 0x12, 0x13, 0x4f, 0x3d, 0x59, 0x98, 0xe1, 0x3d,
    0x1e, 0xb6, 0x99, 0xbd, 0x4a, 0xef, 0x3f, 0x3e, 0x5d, 0x4e, 0xfe, 0x3d,
    0x1f, 0x83, 0x8a, 0xbd, 0xdd, 0x5c, 0x95, 0x3d, 0x00, 0xdc, 0x09, 0xbe,
    0xa2, 0x83, 0x16, 0xbe, 0x7a, 0xd1, 0xa5, 0xbd, 0x32, 0x6f, 0x09, 0x3d,
    0x60, 0xc6, 0x70, 0xbe, 0x97, 0x08, 0x50, 0xbe, 0x69, 0xa6, 0xad, 0x3d,
    0xf7, 0xec, 0xe6, 0xbd, 0xb0, 0xb5, 0x5c, 0x3e, 0x4b, 0xc4, 0x7c, 0x3e,
    0x2c, 0xb9, 0x59, 0x3d, 0xc3, 0xdf, 0xb4, 0x3d, 0xf2, 0x48, 0x21, 0x3e,
    0x26, 0x19, 0x49, 0xbc, 0x55, 0x1a, 0x42, 0x3e, 0xb4, 0x9a, 0x82, 0xbe,
    0xc9, 0x3e, 0xfe, 0xbd, 0xe7, 0x09, 0xcd, 0xbd, 0x5c, 0x7e, 0x91, 0xbd,
    0x4a, 0xf0, 0x41, 0xbe, 0x40, 0x1c, 0xa0, 0xbe, 0xd0, 0x95, 0x21, 0xbd,
    0x85, 0x72, 0x53, 0x3d, 0x8a, 0x85, 0xf6, 0x3c, 0x2b, 0x75, 0x88, 0xbd,
    0x3e, 0xf6, 0xe9, 0xbc, 0x90, 0x3d, 0xcb, 0x3d, 0x95, 0xa5, 0x9e, 0x3d,
    0x00, 0x93, 0x45, 0xbd, 0xfb, 0xdf, 0x84, 0x3e, 0xef, 0xb8, 0xf4, 0x3c,
    0x1a, 0xc8, 0x87, 0xbc, 0x2f, 0x70, 0x12, 0x3d, 0x6d, 0x75, 0x7f, 0x3e,
    0x61, 0x30, 0x2d, 0xbd, 0xc5, 0x3c, 0xb7, 0x3d, 0xb1, 0x2d, 0x1d, 0xbe,
    0xc9, 0x4e, 0x4a, 0x3d, 0x17, 0x59, 0xa5, 0x3d, 0xaa, 0xba, 0x8d, 0x3e,
    0xb6, 0x73, 0x42, 0xbe, 0x84, 0x78, 0xaa, 0xbd, 0xac, 0xa1, 0xcd, 0x3c,
    0x74, 0x1f, 0x4e, 0x3e, 0xeb, 0x75, 0xfd, 0x3d, 0x08, 0xd8, 0x38, 0x3e,
    0x0f, 0x86, 0x8e, 0x3d, 0x56, 0x13, 0x56, 0x3d, 0x4c, 0xe4, 0x06, 0x3c,
    0xa7, 0x36, 0x0d, 0xbe, 0x82, 0xe5, 0x3c, 0xbe, 0xce, 0xb3, 0xe8, 0xbd,
    0xa7, 0xaf, 0x15, 0x3d, 0x34, 0xf0, 0x7d, 0xbd, 0xc6, 0x03, 0x79, 0xbc,
    0x97, 0x1d, 0xc7, 0xbc, 0x67, 0x18, 0x71, 0x3d, 0xa6, 0x61, 0x39, 0x3d,
    0xce, 0x7a, 0x16, 0x3e, 0xa1, 0xca, 0x74, 0xbc, 0x8d, 0xbf, 0x1f, 0xbd,
    0xa3, 0x64, 0x86, 0x3e, 0x00, 0x61, 0x1b, 0xbe, 0xf2, 0x06, 0x72, 0x3c,
    0x5e, 0xac, 0x10, 0xbd, 0x7d, 0x8b, 0x4f, 0x3e, 0xaa, 0x82, 0x11, 0xbe,
    0x98, 0x5a, 0xd8, 0x3d, 0xbc, 0xba, 0x3c, 0xbd, 0xa5, 0x28, 0x2a, 0x3e,
    0x33, 0x27, 0xab, 0xbd, 0x58, 0xbe, 0xa1, 0x3e, 0x53, 0xb6, 0x15, 0xbe,
    0x46, 0x8b, 0xfb, 0x3d, 0x83, 0xa3, 0xf0, 0x3c, 0x0e, 0x6e, 0xb0, 0x3d,
    0xd3, 0x7f, 0x80, 0x3e, 0xd1, 0x05, 0x0c, 0x3e, 0xad, 0xbc, 0xd2, 0xbd,
    0xed, 0x6d, 0x67, 0xbc, 0x79, 0x17, 0x6e, 0x3e, 0x2c, 0x55, 0xfe, 0x3d,
    0x16, 0x53, 0xe6, 0x3d, 0x69, 0xd7, 0x54, 0xbe, 0xa3, 0x37, 0x2a, 0x3e,
    0xe3, 0x8c, 0x86, 0x3d, 0x2e, 0x2c, 0x32, 0x3e, 0xd2, 0x07, 0xbe, 0x3b,
    0x57, 0x84, 0x63, 0x3e, 0x93, 0x65, 0x05, 0xbd, 0xfd, 0x22, 0x21, 0xbe,
    0xfe, 0x6e, 0x2a, 0xbe, 0xc3, 0x38, 0xd8, 0x3c, 0xb2, 0x61, 0x86, 0xbc,
    0x1e, 0x55, 0xd0, 0x3d, 0xe8, 0x19, 0x25, 0xbd, 0x53, 0x56, 0x9e, 0xbb,
    0x17, 0x14, 0x02, 0x3e, 0xee, 0x82, 0x43, 0x3e, 0x7e, 0x2f, 0x27, 0xbe,
    0xf5, 0xce, 0xe2, 0x3d, 0xcf, 0xe1, 0x32, 0x3e, 0x2a, 0x07, 0x33, 0xbe,
    0xc1, 0x9d, 0x2c, 0xbe, 0xbf, 0x4a, 0x5d, 0xbc, 0xcf, 0x1f, 0x26, 0x3e,
    0x2a, 0xea, 0x1c, 0x3e, 0xa6, 0x20, 0xfc, 0x3b, 0xa7, 0x34, 0x22, 0x3e,
    0x9a, 0x7f, 0x5a, 0x3e, 0xac, 0x9e, 0x90, 0xbe, 0x1b, 0xd5, 0x4a, 0x3e,
    0xe7, 0xaa, 0x49, 0x3e, 0xe0, 0xe7, 0x78, 0x3e, 0xd4, 0xb2, 0x66, 0x3e,
    0x81, 0x19, 0xe8, 0xbd, 0x9b, 0x51, 0x86, 0x3e, 0xb4, 0x7d, 0x76, 0xbd,
    0xc8, 0x51, 0x0d, 0x3e, 0x87, 0x9c, 0x2b, 0xbe, 0xf8, 0xe5, 0x18, 0xbd,
    0x17, 0xd4, 0x85, 0x3e, 0x65, 0x37, 0xa0, 0xbc, 0x19, 0xe6, 0x3c, 0xbe,
    0x60, 0xb2, 0xff, 0xbd, 0x25, 0xd7, 0xb5, 0x3d, 0x5e, 0xad, 0x6c, 0xbe,
    0x64, 0x11, 0xc0, 0xbc, 0x9f, 0x76, 0xba, 0x3d, 0xca, 0x4a, 0x11, 0x3e,
    0xa1, 0x9c, 0x77, 0x3e, 0xe9, 0x76, 0xa5, 0xbd, 0xa6, 0x9c, 0xa2, 0x3d,
    0xea, 0x25, 0xfb, 0xbc, 0xa2, 0x7b, 0x0c, 0xbe, 0xb6, 0x5c, 0x97, 0xbe,
    0x9c, 0xcf, 0xaf, 0xbd, 0x84, 0xf8, 0xee, 0xbd, 0xf4, 0xf8, 0x4c, 0xbe,
    0xba, 0x26, 0x0e, 0x3e, 0x85, 0xc2, 0x20, 0x3e, 0x07, 0xc9, 0x62, 0xbd,
    0xe2, 0xa6, 0x9c, 0xbd, 0x19, 0xd7, 0x75, 0x3e, 0x71, 0x07, 0x58, 0x3e,
    0x89, 0xcb, 0x34, 0x3d, 0x52, 0x01, 0x89, 0x3e, 0x79, 0x9a, 0xcb, 0xbd,
    0x13, 0x2c, 0x3a, 0xbd, 0x92, 0x16, 0x32, 0x3e, 0x13, 0x44, 0xc7, 0xbc,
    0xdd, 0x7d, 0x16, 0x3d, 0x44, 0x9b, 0x28, 0x3e, 0xe9, 0xb3, 0x90, 0x3d,
    0x94, 0x77, 0x4c, 0xbe, 0x2d, 0x5d, 0x34, 0xbd, 0xaa, 0x20, 0xa6, 0x3d,
    0x9f, 0x06, 0x68, 0xbc, 0x03, 0x39, 0xb4, 0x3c, 0x8e, 0xab, 0xe1, 0xbd,
    0xd0, 0xe3, 0x99, 0x3e, 0xf3, 0xa1, 0x01, 0x3e, 0xb4, 0xd9, 0x80, 0x3d,
    0x73, 0x65, 0x71, 0x3d, 0x3f, 0x6d, 0x4a, 0x3c, 0x27, 0x00, 0x5e, 0x3e,
    0xf6, 0xf8, 0x92, 0xbe, 0x19, 0xc8, 0xdb, 0x3c, 0xa3, 0x80, 0x89, 0x3a,
    0x8a, 0xc5, 0xa8, 0x3c, 0x4b, 0x91, 0xf2, 0xbd, 0x2b, 0x1d, 0x73, 0xbd,
    0x06, 0xbb, 0x74, 0x3d, 0x06, 0xa0, 0xa7, 0x3d, 0xa3, 0xb8, 0x1f, 0x3e,
    0x5f, 0x4a, 0x60, 0x3e, 0x49, 0x53, 0x3e, 0x3e, 0x2f, 0xf3, 0x87, 0x3c,
    0xd3, 0x63, 0x62, 0x3e, 0x2e, 0x85, 0x1b, 0x3e, 0x81, 0x0a, 0x2d, 0x3e,
    0x1d, 0x6c, 0xb8, 0x3d, 0xc3, 0x4d, 0x8a, 0xbe, 0x70, 0x94, 0xe9, 0xbd,
    0x0f, 0x5c, 0x60, 0x3e, 0xc7, 0x17, 0x20, 0xbe, 0x5e, 0xea, 0x43, 0xbe,
    0x8b, 0x9e, 0x2f, 0x3e, 0xd3, 0x97, 0x8d, 0xbd, 0x7d, 0x94, 0x1d, 0xbc,
    0x5d, 0xd5, 0x13, 0xbd, 0xe6, 0x46, 0x2b, 0x3e, 0x43, 0xbf, 0xb4, 0xbc,
    0x78, 0x90, 0x89, 0x3e, 0x7d, 0x7e, 0x13, 0x3e, 0x83, 0x72, 0x9d, 0xbd,
    0x80, 0xd3, 0x80, 0xbc, 0x3d, 0x92, 0x9a, 0xbc, 0x90, 0x98, 0x90, 0xbe,
    0x5c, 0x57, 0x4d, 0xbe, 0x6a, 0x4d, 0x02, 0x3e, 0x42, 0xee, 0xe3, 0xbd,
    0x83, 0xff, 0x6d, 0x3c, 0x7a, 0x04, 0x12, 0xbe, 0xc0, 0x94, 0x02, 0xbe,
    0xc2, 0x74, 0xb6, 0x3d, 0xa6, 0x9b, 0x24, 0x3e, 0x2f, 0x6f, 0x9b, 0x3e,
    0xac, 0xd5, 0x55, 0x3d, 0x98, 0xff, 0xeb, 0x3d, 0xbe, 0xf1, 0x38, 0x3c,
    0x62, 0xdd, 0x0c, 0xbd, 0xdd, 0x25, 0xe8, 0x3d, 0xb3, 0x22, 0x8e, 0x3e,
    0x70, 0xec, 0xf5, 0xbb, 0xa5, 0x19, 0x23, 0xbe, 0x0a, 0x9c, 0xdb, 0xbb,
    0x3d, 0x45, 0x0e, 0x3d, 0xd1, 0x87, 0xec, 0xbd, 0x52, 0xd9, 0x44, 0x3e,
    0xbf, 0xf3, 0x2b, 0x3e, 0x22, 0x0b, 0x83, 0x3e, 0x26, 0x6c, 0x07, 0xbe,
    0xf3, 0xc8, 0xec, 0x3d, 0xbd, 0x73, 0x1f, 0xbe, 0xe7, 0x08, 0x56, 0x3e,
    0x46, 0x90, 0x78, 0xbd, 0x15, 0x43, 0xac, 0x3c, 0x12, 0xa4, 0x37, 0x3d,
    0xb7, 0x54, 0xfc, 0xbd, 0x9e, 0x74, 0x26, 0x3e, 0xcd, 0x7f, 0xb1, 0xbd,
    0x2b, 0x0d, 0xf3, 0xbc, 0xbc, 0xa2, 0xa1, 0x3c, 0xc8, 0xce, 0xc0, 0x3d,
    0xfe, 0x95, 0x02, 0xbe, 0x5d, 0x8a, 0x33, 0xbd, 0x06, 0xed, 0x5f, 0x3e,
    0xae, 0x5f, 0xac, 0x3b, 0x1c, 0x26, 0x86, 0xbb, 0x81, 0xaa, 0x5f, 0xbe,
    0xad, 0x23, 0x1c, 0xbe, 0x03, 0x4e, 0x01, 0xbe, 0x59, 0x43, 0x26, 0xbe,
    0x3d, 0xc2, 0x18, 0x3e, 0xc0, 0xb3, 0x22, 0xbe, 0xf8, 0x71, 0x09, 0x3e,
    0x0e, 0x39, 0x11, 0x3e, 0xa1, 0x3e, 0x6a, 0xbd, 0xf1, 0x4d, 0xf6, 0x3d,
    0xf8, 0x50, 0x82, 0xbc, 0xeb, 0xd0, 0xd7, 0xbd, 0x0f, 0xc2, 0x30, 0x3e,
    0x02, 0x90, 0xeb, 0x3c, 0x65, 0xee, 0x56, 0x3e, 0xdf, 0x11, 0xeb, 0xbc,
    0xab, 0x43, 0x57, 0xbe, 0x11, 0x90, 0x71, 0x3d, 0x7a, 0x60, 0xc2, 0xbd,
    0xd9, 0x07, 0x9d, 0x3d, 0xda, 0xbb, 0x4b, 0x3e, 0x34, 0x78, 0xbb, 0x3c,
    0x8d, 0xf8, 0xb7, 0x3d, 0xc0, 0x61, 0xa6, 0x3c, 0xa4, 0x89, 0xd5, 0xbd,
    0x60, 0x4f, 0xc8, 0x3d, 0xdd, 0x22, 0x87, 0xbd, 0xcb, 0xa7, 0xec, 0x3d,
    0x1c, 0x07, 0x12, 0x3e, 0x54, 0xc6, 0x18, 0xbc, 0xe1, 0x19, 0x20, 0xbe,
    0xd5, 0xae, 0x4b, 0x3e, 0xa5, 0x8c, 0x09, 0x3d, 0x0a, 0x9d, 0x90, 0x3c,
    0xb1, 0xd7, 0x27, 0x3c, 0x2f, 0x58, 0xd8, 0xbd, 0xe6, 0x09, 0xe7, 0x3d,
    0x11, 0x4d, 0x8a, 0xbd, 0xdc, 0x37, 0x1d, 0xba, 0x1a, 0x17, 0x69, 0x3e,
    0xc6, 0xf6, 0xa5, 0xbd, 0x88, 0x69, 0xdb, 0xbd, 0xce, 0xf7, 0x76, 0xbd,
    0x90, 0xa3, 0x91, 0xbd, 0x88, 0x44, 0x57, 0x3d, 0xba, 0xed, 0x46, 0x3d,
    0xb4, 0x78, 0xc2, 0xbd, 0x73, 0xe3, 0x1c, 0x3e, 0x38, 0x75, 0x3e, 0x3e,
    0x16, 0xac, 0x21, 0xbe, 0x79, 0x74, 0x83, 0xbe, 0x5f, 0x29, 0x8e, 0x3c,
    0x97, 0x2b, 0x8f, 0xb9, 0x6b, 0xbf, 0xd9, 0xbd, 0x1b, 0x05, 0x6c, 0xbd,
    0x76, 0x1b, 0x78, 0x3e, 0x97, 0xbd, 0xa1, 0xbd, 0xfb, 0x80, 0xe7, 0x3c,
    0x6b, 0x6e, 0x55, 0x3d, 0x30, 0x53, 0x33, 0x3e, 0x0f, 0x9f, 0x47, 0xbd,
    0x38, 0x48, 0x32, 0x3c, 0x11, 0x4f, 0x21, 0xbe, 0x57, 0x25, 0x3d, 0x3e,
    0xc5, 0xb2, 0x5c, 0x3d, 0x23, 0x0c, 0x90, 0x3d, 0x30, 0x17, 0xb0, 0xbd,
    0x39, 0x29, 0x27, 0x3e, 0x2c, 0xe3, 0xc3, 0xbd, 0xa0, 0x6d, 0x53, 0x3e,
    0x5d, 0x76, 0x25, 0x3b, 0xea, 0x5d, 0x1c, 0x3e, 0x23, 0xb1, 0x17, 0x3e,
    0x10, 0x12, 0x4e, 0x3e, 0xce, 0x62, 0x4d, 0xbe, 0x0e, 0x34, 0x58, 0x3d,
    0x13, 0x9b, 0x70, 0x3c, 0x19, 0x92, 0x17, 0xbe, 0x5a, 0x55, 0xa0, 0x3d,
    0x65, 0x11, 0x69, 0x3e, 0xcd, 0xfd, 0x02, 0x3d, 0xd1, 0x81, 0x19, 0xbe,
    0xad, 0x1d, 0x1b, 0xbd, 0xff, 0x22, 0xd5, 0x3d, 0xc3, 0x89, 0x4c, 0x3e,
    0xf1, 0x6c, 0xef, 0xbd, 0x5d, 0x98, 0x1e, 0x3d, 0x38, 0x47, 0x98, 0xbe,
    0xbe, 0x27, 0x9c, 0x3e, 0x35, 0x48, 0x66, 0x3e, 0x36, 0x77, 0x59, 0x3e,
    0x3a, 0x47, 0xf7, 0x3d, 0x22, 0x4e, 0x16, 0x3e, 0xa9, 0x26, 0xbb, 0xbc,
    0x50, 0x16, 0xe1, 0xbd, 0x2c, 0xfb, 0xca, 0x3d, 0x28, 0xac, 0x4a, 0x3e,
    0x1a, 0x9d, 0x09, 0xbe, 0xdd, 0xef, 0x84, 0x3e, 0x99, 0x81, 0x02, 0x3c,
    0x76, 0x94, 0x60, 0x3e, 0x30, 0xd7, 0x11, 0xbe, 0x3e, 0x11, 0xbf, 0xbd,
    0x8f, 0xed, 0x3e, 0xbe, 0x5e, 0xf0, 0xfc, 0x3d, 0x7d, 0xf3, 0xf4, 0x3d,
    0x4c, 0x1a, 0x52, 0x3e, 0x89, 0xba, 0x24, 0x3e, 0xe0, 0x71, 0xa4, 0xbd,
    0x7d, 0x47, 0x26, 0xbe, 0x7f, 0x04, 0x8b, 0x3d, 0x8e, 0x8f, 0xa7, 0xbd,
    0x53, 0xd6, 0x56, 0x3e, 0xf2, 0xf8, 0x09, 0xbe, 0xb7, 0xad, 0x23, 0x3e,
    0x4c, 0x15, 0x72, 0xba, 0xc9, 0x6d, 0x83, 0x3d, 0x5a, 0x3f, 0xed, 0xbb,
    0xd6, 0x2a, 0x82, 0xbe, 0xc4, 0x53, 0xd1, 0xbd, 0xca, 0x8a, 0x48, 0x3e,
    0x0d, 0x95, 0x04, 0x3e, 0x25, 0x25, 0x29, 0xbd, 0x38, 0xa2, 0x09, 0x3e,
    0xa3, 0xac, 0xdc, 0xbd, 0x69, 0xce, 0x47, 0xbd, 0xaa, 0x6f, 0xe5, 0x3c,
    0x9e, 0x34, 0x2e, 0xbc, 0x9e, 0x5b, 0x59, 0x3e, 0xe4, 0x85, 0x0e, 0xbd,
    0x4a, 0x70, 0x20, 0xbe, 0x51, 0xc5, 0x76, 0xbe, 0x6d, 0x39, 0x36, 0xbe,
    0xcf, 0xde, 0x12, 0x3e, 0x06, 0x44, 0x82, 0x3d, 0x62, 0x35, 0x4d, 0xbd,
    0x23, 0x91, 0x1b, 0xbe, 0x50, 0xcf, 0x2c, 0x3e, 0xec, 0xbb, 0x00, 0x3e,
    0x57, 0x53, 0x68, 0x3d, 0x9b, 0xee, 0xf7, 0xbd, 0x70, 0xb0, 0x2f, 0x3e,
    0x5e, 0xed, 0x20, 0xbe, 0x34, 0x29, 0x42, 0x3d, 0x5a, 0x1d, 0x02, 0x3e,
    0xb6, 0x45, 0x6d, 0x3e, 0xa5, 0xf8, 0x2e, 0xbd, 0x33, 0x25, 0x74, 0xbe,
    0x67, 0x86, 0x91, 0x3d, 0x9b, 0x69, 0x66, 0xbd, 0x73, 0xac, 0xf5, 0x3d,
    0xe8, 0xb0, 0x6e, 0x3e, 0xff, 0x7b, 0x8b, 0x3c, 0x12, 0x63, 0x18, 0x3e,
    0xa7, 0x85, 0xde, 0x3d, 0xa5, 0x57, 0x8a, 0xbd, 0x58, 0x59, 0xc0, 0xbc,
    0xa5, 0x98, 0x3d, 0x3e, 0x81, 0x24, 0x40, 0xbd, 0xad, 0x06, 0xb8, 0xbd,
    0xa3, 0x27, 0x4d, 0xbc, 0x40, 0x74, 0x19, 0x3e, 0xeb, 0x69, 0xd9, 0xbd,
    0x06, 0x4b, 0x21, 0xbe, 0x7c, 0x04, 0xd6, 0x3d, 0x82, 0x8e, 0x74, 0x3d,
    0x24, 0x10, 0xb2, 0xbd, 0x01, 0xdc, 0x9b, 0xbc, 0x76, 0x81, 0x8d, 0xbd,
    0xb4, 0xcc, 0x03, 0xbe, 0x13, 0x05, 0xa4, 0xbd, 0x8a, 0x56, 0x1c, 0xbe,
    0x0e, 0x11, 0x39, 0xbe, 0x61, 0x92, 0xe2, 0xbd, 0xb1, 0xb9, 0x87, 0xbe,
    0x9c, 0xd4, 0x1e, 0xbe, 0x5f, 0xcf, 0x04, 0xbe, 0xd5, 0x5d, 0xeb, 0xbd,
    0x7a, 0xfb, 0x31, 0x3e, 0x42, 0x86, 0xcf, 0x3d, 0x57, 0x5c, 0xd3, 0xbd,
    0x31, 0x1e, 0xdf, 0x3d, 0x54, 0x85, 0x8f, 0x3d, 0xbd, 0xa5, 0x5e, 0x3e,
    0x44, 0x96, 0x4b, 0x3e, 0x41, 0x4e, 0x5b, 0xbe, 0x68, 0x7e, 0x02, 0x3d,
    0xd4, 0x67, 0x2c, 0xbe, 0x46, 0x72, 0x58, 0xbc, 0xfb, 0xdf, 0x17, 0x3e,
    0x74, 0x88, 0x5b, 0xbe, 0xbb, 0x49, 0x31, 0x3e, 0x02, 0x5d, 0x6e, 0xbc,
    0xb3, 0x02, 0x2b, 0x3e, 0xa0, 0x0d, 0x4d, 0x3e, 0xf6, 0x02, 0x5d, 0xbd,
    0x67, 0x35, 0xee, 0xbc, 0xc1, 0x41, 0xf6, 0x3d, 0x76, 0x64, 0x87, 0xbd,
    0x84, 0x98, 0xc2, 0x3d, 0x10, 0x38, 0x48, 0x3e, 0x41, 0x3f, 0xa9, 0x3d,
    0x8c, 0x70, 0x11, 0xbe, 0x87, 0xbd, 0x1d, 0x3e, 0xff, 0x1b, 0x36, 0xbe,
    0x6a, 0x4d, 0x2c, 0xbd, 0x61, 0x14, 0x37, 0xbe, 0x54, 0x93, 0x0a, 0x3e,
    0x0d, 0xa1, 0x1a, 0x3e, 0xc6, 0xbb, 0x8e, 0xbd, 0xb3, 0xd2, 0xe3, 0x3d,
    0x52, 0x55, 0xe7, 0x3d, 0xc3, 0xc6, 0xe2, 0xbd, 0x8f, 0xa6, 0xd0, 0x3d,
    0xd7, 0x3c, 0xf5, 0x3d, 0x5e, 0xc8, 0xa0, 0x3d, 0xec, 0x70, 0x66, 0x3e,
    0xb4, 0x4c, 0x2d, 0x3e, 0x23, 0x23, 0xb8, 0xbd, 0xe4, 0x89, 0x1c, 0xbe,
    0x57, 0xbc, 0x6d, 0x3d, 0x40, 0x2a, 0x13, 0x3e, 0xed, 0x10, 0x67, 0x3e,
    0xba, 0xd8, 0x2b, 0xbe, 0xf2, 0xee, 0xf0, 0x3d, 0xd9, 0x1f, 0x92, 0xbe,
    0x9f, 0xeb, 0x0d, 0x3d, 0xef, 0x80, 0x08, 0x3e, 0xb4, 0x31, 0x76, 0x3c,
    0x9c, 0xdd, 0xb6, 0x3d, 0x2c, 0xa0, 0x04, 0x3e, 0xbf, 0x4f, 0x00, 0xbe,
    0x45, 0xb7, 0x9f, 0x3b, 0xb3, 0xeb, 0x1d, 0x3e, 0x0c, 0x7f, 0x8f, 0x3e,
    0xee, 0x7b, 0x5a, 0xbd, 0x5b, 0x7f, 0xfb, 0x3d, 0xc5, 0xd6, 0xa9, 0x3d,
    0x25, 0xcf, 0x73, 0x3e, 0x1d, 0x7c, 0x1b, 0x3d, 0x52, 0x1a, 0xab, 0x3d,
    0x80, 0xf4, 0x0a, 0xbd, 0x0d, 0x3c, 0x02, 0xbb, 0xeb, 0xd7, 0x61, 0x3d,
    0xb4, 0x24, 0xd3, 0xbd, 0x5d, 0xb1, 0xc2, 0xbd, 0xd3, 0x5a, 0x2b, 0x3e,
    0x37, 0x55, 0x82, 0xbd, 0x66, 0x94, 0x2b, 0x3c, 0x75, 0x0f, 0x4f, 0x3c,
    0x50, 0xb2, 0xaa, 0xbd, 0xf5, 0x6e, 0xf3, 0x3d, 0xbd, 0x58, 0x5e, 0x3e,
    0x2f, 0x0e, 0x1e, 0x3e, 0x0c, 0x1b, 0x3a, 0x3e, 0x94, 0x61, 0x48, 0x3e,
    0x21, 0xf5, 0xa3, 0xbd, 0x0d, 0xc8, 0x85, 0xbe, 0xad, 0xce, 0xc1, 0xbd,
    0x1f, 0x7e, 0x76, 0xbd, 0x30, 0x4c, 0x0b, 0xbe, 0x35, 0x3e, 0xe4, 0x3d,
    0xe3, 0x2e, 0x70, 0x3e, 0x23, 0x0b, 0x28, 0xbe, 0xb6, 0x25, 0xf9, 0x3d,
    0x4d, 0x80, 0x8e, 0x3e, 0x97, 0x51, 0x2e, 0x3e, 0x33, 0x58, 0x48, 0x3e,
    0x59, 0xc9, 0x62, 0x3d, 0x8f, 0x18, 0x09, 0xbe, 0x90, 0x15, 0xe6, 0xbd,
    0x45, 0xbe, 0x24, 0x3d, 0xaf, 0xfe, 0x15, 0xbd, 0x1c, 0x64, 0x01, 0x3d,
    0x57, 0x3d, 0x74, 0xbe, 0xbb, 0xb5, 0x9e, 0xbc, 0x58, 0x6c, 0x7a, 0xbe,
    0x5e, 0x30, 0x17, 0xbe, 0xea, 0x41, 0x3e, 0x3e, 0x41, 0xf3, 0xeb, 0xbc,
    0xf5, 0xc0, 0x27, 0xbe, 0x6c, 0x70, 0x2b, 0x3e, 0x40, 0xf2, 0x3e, 0xbe,
    0xdc, 0x4f, 0x87, 0xbd, 0x53, 0x56, 0x32, 0x3e, 0x92, 0xa3, 0x1e, 0x3e,
    0x48, 0xd7, 0x36, 0x3e, 0xcf, 0xd4, 0x07, 0xbe, 0x12, 0x71, 0x8c, 0x3b,
    0xed, 0xfe, 0x59, 0xbe, 0xad, 0x59, 0x15, 0xbb, 0xba, 0x10, 0xa4, 0xbd,
    0x87, 0x99, 0x6f, 0xbe, 0x54, 0x39, 0xaf, 0x3d, 0x87, 0x7d, 0xdb, 0x3d,
    0x38, 0x00, 0xec, 0x3d, 0x04, 0x8a, 0xf1, 0x3d, 0xd3, 0xd9, 0x2d, 0x3e,
    0x75, 0x6e, 0xd7, 0x3d, 0xf1, 0xff, 0x63, 0x3e, 0x3b, 0xa8, 0x08, 0xbd,
    0x51, 0x0c, 0x11, 0x3e, 0x89, 0x7f, 0xb4, 0x3b, 0xf3, 0x42, 0x6f, 0xbd,
    0xc9, 0xf1, 0xca, 0xbd, 0xed, 0x07, 0x47, 0x3d, 0x1e, 0x7f, 0xf6, 0x3d,
    0x0d, 0xb7, 0x45, 0xbe, 0xd3, 0xb4, 0x79, 0xbe, 0x24, 0x0e, 0x1d, 0xbe,
    0x12, 0x28, 0x20, 0x3e, 0xe0, 0xc9, 0x51, 0x3e, 0xd0, 0xdf, 0x47, 0xbe,
    0xcc, 0x1b, 0x87, 0xbd, 0x38, 0x55, 0x49, 0x3e, 0x63, 0x57, 0x52, 0x3e,
    0x4d, 0xfe, 0x45, 0xbd, 0xf8, 0x94, 0x2f, 0xbd, 0xc7, 0x34, 0x1a, 0x3e,
    0x9f, 0x87, 0x2e, 0xbe, 0x39, 0x18, 0x1a, 0x3e, 0xfe, 0xe8, 0x2c, 0x3e,
    0xd5, 0x5f, 0x33, 0xbd, 0xf1, 0x69, 0x35, 0xbd, 0x38, 0xee, 0x23, 0x3e,
    0xe3, 0x23, 0xbc, 0x3d, 0x37, 0xe1, 0x56, 0xbd, 0xb2, 0xa4, 0x9a, 0xbc,
    0x75, 0x19, 0x48, 0xbc, 0x53, 0xcf, 0x17, 0xbd, 0xee, 0x19, 0xad, 0x3d,
    0x7e, 0x1d, 0x1e, 0x3e, 0x11, 0x37, 0xf4, 0xbd, 0xa5, 0xed, 0x86, 0x3e,
    0xda, 0xf7, 0x30, 0xbe, 0x87, 0xc7, 0x36, 0x3e, 0x11, 0x1c, 0xcf, 0xbc,
    0xfa, 0x75, 0x4b, 0x3e, 0x8a, 0xf7, 0xfb, 0x3d, 0x69, 0x9c, 0x90, 0xbd,
    0xa7, 0xa8, 0xcb, 0xbd, 0x85, 0x1d, 0x34, 0xbe, 0xa7, 0xb0, 0x15, 0xbd,
    0x0e, 0x70, 0xf3, 0x3c, 0x81, 0xf9, 0x34, 0x3e, 0x1c, 0x5b, 0x6f, 0x3c,
    0x3d, 0xa9, 0x44, 0xbd, 0x85, 0xd8, 0x0c, 0xbe, 0xbf, 0xd8, 0x7b, 0xbd,
    0xf1, 0xaa, 0x6e, 0x3e, 0x0e, 0x1f, 0xc1, 0x3d, 0x96, 0xca, 0xbc, 0x3d,
    0x8d, 0x16, 0x4c, 0xbd, 0x77, 0x87, 0x9c, 0x3d, 0x47, 0x4b, 0x6b, 0x3e,
    0x0f, 0x65, 0x38, 0xbe, 0x6a, 0x94, 0x0b, 0x3e, 0xfb, 0x53, 0x10, 0xbe,
    0x32, 0xf2, 0xbc, 0xbd, 0xdf, 0xaf, 0x41, 0x3e, 0x75, 0x68, 0xce, 0xbd,
    0x95, 0xab, 0xdb, 0x3d, 0xa7, 0x82, 0x5b, 0x3e, 0xa9, 0x50, 0x6a, 0xbe,
    0xda, 0xd9, 0x79, 0x3d, 0x38, 0xc7, 0x2a, 0x3e, 0x2a, 0x87, 0x85, 0x3d,
    0xbd, 0x83, 0x6f, 0xbd, 0x11, 0x9a, 0xa9, 0x3d, 0x91, 0xad, 0x8c, 0x3e,
    0x99, 0x0c, 0xbd, 0x3b, 0xe7, 0x03, 0x29, 0x3e, 0xb9, 0x9a, 0x09, 0x3e,
    0x26, 0xb3, 0x00, 0x3e, 0x61, 0x2c, 0x7e, 0x3e, 0xca, 0xb6, 0xbb, 0x3d,
    0xbc, 0x07, 0xb6, 0x3d, 0x90, 0x1a, 0x17, 0x3e, 0x0f, 0xb9, 0x1b, 0xbe,
    0xc4, 0x3c, 0x33, 0xbd, 0x71, 0x22, 0x92, 0x3d, 0x7e, 0xc2, 0x36, 0x3d,
    0xdf, 0x11, 0x66, 0xbe, 0xff, 0xa8, 0x7a, 0xbd, 0x35, 0x4a, 0x32, 0xbd,
    0xf0, 0x4c, 0x86, 0x3e, 0xd2, 0x65, 0x21, 0x3c, 0x94, 0x78, 0xc0, 0x3c,
    0x8a, 0x56, 0x75, 0xbd, 0xba, 0x1c, 0xee, 0xbd, 0xa2, 0xe0, 0xbe, 0x3c,
    0x99, 0xdb, 0xe5, 0x3d, 0x7b, 0x40, 0x2e, 0x3e, 0x0f, 0x8d, 0xfc, 0xbc,
    0x99, 0x1c, 0x79, 0xbe, 0x5d, 0xf0, 0x10, 0xbe, 0x5c, 0xd8, 0x31, 0x3d,
    0x88, 0x95, 0xec, 0xbd, 0xe0, 0x28, 0x14, 0xbd, 0xdd, 0x70, 0x88, 0x3d,
    0xc1, 0x35, 0xd1, 0xbd, 0x8f, 0xba, 0x5d, 0xbc, 0xb2, 0xba, 0xd7, 0xbb,
    0xc3, 0xb5, 0x5c, 0x3d, 0x77, 0x71, 0x96, 0x3d, 0xfd, 0x23, 0x5d, 0x3e,
    0x02, 0x29, 0x77, 0x3e, 0x37, 0x8b, 0xa0, 0x3e, 0x6d, 0x39, 0xe6, 0xbd,
    0xa3, 0xdb, 0x69, 0x3c, 0xa1, 0x4f, 0xc1, 0x3d, 0xd1, 0xb1, 0x5a, 0x3e,
    0x1f, 0xb1, 0x54, 0x3e, 0x50, 0x26, 0x2e, 0xbe, 0xd0, 0x94, 0xad, 0x3d,
    0xbe, 0x3c, 0x1e, 0x3e, 0x5b, 0x17, 0xb8, 0xbd, 0x76, 0x87, 0xe2, 0x3d,
    0x50, 0xc0, 0x90, 0xbd, 0x26, 0x9b, 0xae, 0x3d, 0x4a, 0x73, 0x02, 0x3d,
    0x52, 0x04, 0xf5, 0xbd, 0x63, 0x7f, 0x18, 0xbe, 0xdb, 0xe2, 0x04, 0x3e,
    0xc2, 0xb3, 0x2b, 0xbe, 0x21, 0x90, 0x85, 0xbc, 0xd6, 0x6c, 0x4e, 0xbe,
    0x94, 0xed, 0x94, 0x3d, 0x5a, 0xbc, 0xf6, 0xbc, 0xc9, 0x03, 0x61, 0x3d,
    0xa4, 0x5c, 0xd8, 0x3d, 0x51, 0x1b, 0x1f, 0x3e, 0xc0, 0xd2, 0x1d, 0xbe,
    0xbc, 0x3b, 0x1e, 0x3e, 0x29, 0x20, 0x43, 0xbe, 0x19, 0x3a, 0xc2, 0x3d,
    0x93, 0xcb, 0x8c, 0xbd, 0x4b, 0x8a, 0xf0, 0xbd, 0x9d, 0x8c, 0x1c, 0xbe,
    0x0d, 0xbb, 0x70, 0x3e, 0x5b, 0xf9, 0x76, 0xbd, 0xf1, 0x30, 0x53, 0x3e,
    0xdb, 0x29, 0x98, 0xbd, 0xbd, 0xcc, 0x37, 0x3e, 0x2f, 0x07, 0x30, 0x3c,
    0x88, 0x40, 0x99, 0x3d, 0xc4, 0x57, 0x80, 0xbc, 0xcc, 0x06, 0xd5, 0x3d,
    0xde, 0x9a, 0x82, 0xbd, 0xef, 0x1b, 0x0d, 0xbe, 0xcd, 0x88, 0x60, 0xbe,
    0x19, 0x78, 0x30, 0x3e, 0x95, 0x79, 0x83, 0x3d, 0x80, 0x73, 0x18, 0x3d,
    0xe5, 0xfc, 0x0e, 0xbe, 0x9c, 0x5f, 0x84, 0x3e, 0x09, 0xd7, 0x9e, 0x3d,
    0x53, 0x9b, 0xd4, 0xbd, 0xeb, 0x70, 0x5d, 0x3d, 0x95, 0xf0, 0xcd, 0xbd,
    0x4d, 0x80, 0xdd, 0x3c, 0x13, 0x29, 0x21, 0x3d, 0x96, 0x92, 0x19, 0xbd,
    0x40, 0x3b, 0x17, 0xbe, 0x5b, 0xa4, 0xdb, 0xbd, 0xd7, 0xc8, 0x92, 0xbd,
    0xca, 0x9f, 0x25, 0xbe, 0x5d, 0x6e, 0x13, 0xbe, 0x27, 0x6f, 0xbd, 0x3d,
    0x02, 0xdc, 0xc7, 0xbd, 0x13, 0x0b, 0x53, 0xbc, 0xc0, 0xf9, 0x18, 0xbe,
    0xd7, 0x8a, 0xa7, 0x3d, 0xad, 0xe6, 0x82, 0x3e, 0x7d, 0x92, 0xa0, 0x3e,
    0x03, 0xc9, 0x4e, 0x3e, 0xb5, 0x56, 0x39, 0xbe, 0x52, 0x5e, 0x47, 0x3d,
    0x6b, 0x69, 0x5d, 0x3e, 0xe9, 0x95, 0x4e, 0x3e, 0x1a, 0xab, 0x0d, 0xbe,
    0x81, 0x35, 0x3c, 0xbe, 0x6a, 0xfb, 0xa9, 0x3b, 0xe1, 0x20, 0x4b, 0x3e,
    0x84, 0x8c, 0x7e, 0x3d, 0x10, 0x8e, 0x62, 0x3e, 0x16, 0x74, 0x49, 0x3e,
    0xcb, 0xb8, 0x52, 0x3e, 0x7f, 0x09, 0x05, 0x3e, 0xf1, 0x30, 0xfc, 0xbd,
    0x6d, 0xbf, 0x39, 0x3e, 0x21, 0xd0, 0x48, 0x3d, 0x2d, 0xed, 0x58, 0x3e,
    0xd5, 0x08, 0xde, 0xbd, 0x4a, 0x7e, 0x8b, 0x3c, 0x1c, 0x8e, 0xff, 0xbd,
    0xa8, 0x52, 0x13, 0x3e, 0x40, 0x5e, 0x1a, 0xbe, 0x89, 0x74, 0xd7, 0xbb,
    0x5b, 0x91, 0x3c, 0x3e, 0x77, 0x70, 0x7d, 0xbb, 0x99, 0x20, 0x76, 0x3d,
    0xb6, 0xe5, 0x91, 0x3c, 0x66, 0xaa, 0x58, 0x3d, 0x20, 0x38, 0x42, 0x3e,
    0x23, 0x07, 0x6b, 0x3e, 0xb3, 0x81, 0x84, 0xbc, 0xb0, 0xe0, 0x76, 0x3e,
    0xce, 0xf7, 0xb0, 0xbc, 0x22, 0x68, 0x57, 0x3e, 0x4e, 0x50, 0x25, 0x3d,
    0x6d, 0x0a, 0x51, 0x3d, 0xc5, 0xb9, 0x9c, 0xbd, 0x7e, 0xcf, 0xe7, 0xbd,
    0xe7, 0x8c, 0x5f, 0x3d, 0x06, 0xe8, 0x59, 0x3e, 0x72, 0xdc, 0x94, 0x3e,
    0xba, 0x5e, 0x90, 0x3e, 0x89, 0x39, 0x88, 0x3c, 0x48, 0x21, 0x0b, 0xbe,
    0xc3, 0xce, 0x5d, 0xbc, 0x8b, 0xc4, 0x2a, 0x3e, 0x04, 0x9b, 0xb4, 0xbd,
    0x57, 0x7b, 0xb5, 0x3b, 0x02, 0x9c, 0x2c, 0xbd, 0x63, 0xb1, 0xea, 0xbc,
    0xcf, 0x69, 0x5f, 0xbd, 0xce, 0x98, 0xac, 0x3c, 0x57, 0xc7, 0xb0, 0xbd,
    0xc9, 0x98, 0x89, 0x3b, 0x92, 0x71, 0xf0, 0x3d, 0x3f, 0x80, 0x19, 0xbe,
    0x82, 0xc6, 0xa4, 0xbd, 0xda, 0xd7, 0x2c, 0xbd, 0xf3, 0x7d, 0x5d, 0x3e,
    0x75, 0x21, 0x37, 0xbe, 0x0c, 0x64, 0x00, 0x3e, 0xc5, 0xfe, 0xb3, 0x3d,
    0xa2, 0x4e, 0xb7, 0x3d, 0x43, 0xaf, 0x51, 0x3e, 0xcd, 0xaa, 0x69, 0x3e,
    0xfb, 0x2c, 0xf9, 0xbd, 0xa0, 0x48, 0x7b, 0x3e, 0x51, 0xff, 0x00, 0xbe,
    0x6e, 0x25, 0x44, 0xbd, 0x3b, 0xa9, 0xc6, 0x3d, 0xd3, 0xaa, 0xa2, 0x3e,
    0xd6, 0x72, 0x20, 0x3e, 0x63, 0x52, 0x02, 0x3e, 0x24, 0x11, 0x27, 0x3e,
    0x40, 0x54, 0xf4, 0xbd, 0x3f, 0xa1, 0xdc, 0xbd, 0xe9, 0xc3, 0xbb, 0x3d,
    0x62, 0x5d, 0x48, 0xbd, 0xc2, 0xe4, 0x7b, 0x3e, 0x1a, 0xbc, 0x43, 0x3e,
    0x28, 0x29, 0xf6, 0xbc, 0x28, 0xd3, 0x19, 0xbe, 0x5a, 0xcd, 0xcb, 0xbc,
    0x05, 0x4d, 0xb6, 0x3d, 0x3c, 0x17, 0x29, 0x3e, 0xb5, 0xda, 0xc4, 0x3d,
    0x1c, 0x03, 0xe7, 0x3d, 0x10, 0xa7, 0x05, 0xbd, 0x9e, 0x59, 0xca, 0x3b,
    0x52, 0x70, 0x8e, 0x3e, 0xd3, 0x76, 0x55, 0xbb, 0xd9, 0x12, 0xa8, 0xbd,
    0xa6, 0x5d, 0x14, 0x3d, 0xd3, 0xa6, 0x3f, 0xbe, 0xaa, 0x8d, 0xd6, 0xbb,
    0x73, 0x0b, 0x31, 0x3d, 0xc3, 0xc2, 0x4b, 0x3e, 0x17, 0x90, 0x02, 0x3e,
    0xca, 0x87, 0x82, 0x3e, 0x0f, 0x28, 0x81, 0x3e, 0xd9, 0xea, 0xd5, 0x3d,
    0xe7, 0xef, 0x36, 0x3d, 0x82, 0xf9, 0x33, 0x3e, 0xa8, 0x4b, 0x8d, 0x3d,
    0xae, 0xb8, 0xf6, 0xbd, 0x43, 0x4e, 0x91, 0x3e, 0xa1, 0x9b, 0x8f, 0xbd,
    0x3d, 0xae, 0xdd, 0x3d, 0x6e, 0x0d, 0xec, 0x3d, 0xb8, 0x25, 0x34, 0xbd,
    0x23, 0x4b, 0x47, 0xbe, 0xb0, 0x5a, 0xeb, 0xbd, 0xd2, 0xfb, 0x47, 0x3e,
    0xa2, 0xff, 0x85, 0x3d, 0x11, 0x0b, 0x9e, 0x3d, 0x1d, 0xba, 0x52, 0x3e,
    0x7f, 0x7f, 0xf5, 0x3d, 0x7d, 0xc2, 0x44, 0x3e, 0x85, 0xdf, 0x28, 0xbe,
    0xff, 0x97, 0x50, 0x3d, 0x8c, 0x48, 0x0b, 0xbd, 0x9e, 0xe8, 0x03, 0x3d,
    0x19, 0x37, 0x23, 0x3e, 0xf9, 0xb8, 0xc8, 0x3d, 0x90, 0x42, 0x0a, 0xbe,
    0x7b, 0x3e, 0x02, 0xbe, 0x6c, 0x2b, 0xba, 0x3d, 0xd4, 0x12, 0x19, 0x3e,
    0x06, 0x1e, 0x8b, 0xbd, 0x83, 0xda, 0xc3, 0xbd, 0x81, 0xde, 0x4b, 0x3d,
    0xec, 0x98, 0xdd, 0x3c, 0x9e, 0xe2, 0x3e, 0xbe, 0x15, 0x6d, 0xe9, 0xbd,
    0x2d, 0x8f, 0x10, 0xbe, 0xbb, 0x6c, 0x1e, 0x3e, 0x43, 0xbb, 0x37, 0x3e,
    0xc2, 0x4f, 0xaa, 0x3c, 0xf0, 0xd0, 0xbe, 0x3d, 0x04, 0x8c, 0x0b, 0x3d,
    0xba, 0xa5, 0x76, 0xbd, 0xc6, 0x5c, 0xb3, 0x3d, 0xb4, 0x3a, 0x2b, 0x3e,
    0x6c, 0xaf, 0x47, 0xbe, 0x23, 0xc4, 0xc4, 0xbc, 0x04, 0x64, 0x5a, 0x3d,
    0xd4, 0xb4, 0x99, 0x3d, 0x25, 0xa7, 0x12, 0xbe, 0x50, 0xc5, 0x20, 0xbe,
    0xaf, 0xba, 0x1c, 0x3e, 0x29, 0xec, 0x41, 0x3b, 0x82, 0x83, 0xa0, 0x3c,
    0x19, 0xd1, 0x02, 0xbe, 0x15, 0x28, 0xce, 0x3c, 0x85, 0x28, 0x3a, 0xbe,
    0xc3, 0xba, 0x3c, 0x3d, 0xf2, 0xdc, 0x4e, 0x3d, 0x20, 0x4d, 0x8e, 0x3d,
    0x2e, 0xd9, 0x7f, 0x3c, 0x83, 0x4d, 0x90, 0x3d, 0x46, 0xdc, 0xc4, 0x3d,
    0x85, 0x47, 0x42, 0xbd, 0x04, 0x88, 0x8f, 0x3d, 0x83, 0xba, 0x09, 0xbe,
    0xb5, 0xaf, 0xc9, 0xbd, 0x19, 0xf6, 0x03, 0x3e, 0x94, 0xf8, 0x48, 0xbe,
    0x40, 0xf9, 0x24, 0xbd, 0xe4, 0x6c, 0x1e, 0xbd, 0x83, 0x26, 0x9d, 0x3e,
    0xf3, 0xcc, 0x42, 0xbe, 0x6c, 0x8d, 0x94, 0x3d, 0x85, 0x7b, 0x85, 0xbb,
    0xda, 0x97, 0x0d, 0xbe, 0xf9, 0xe9, 0x10, 0x3d, 0xa0, 0x98, 0x3b, 0x3d,
    0xb5, 0x28, 0x20, 0xbd, 0x30, 0x48, 0x8a, 0xbd, 0xab, 0x39, 0x0f, 0xbe,
    0xd9, 0xfe, 0x25, 0x3e, 0xff, 0xb2, 0x83, 0x3c, 0xd2, 0x7d, 0x12, 0x3e,
    0x2e, 0x4e, 0xa4, 0xbe, 0xf0, 0xf2, 0x30, 0x3e, 0xa8, 0xb5, 0x06, 0xbe,
    0x23, 0xd6, 0x93, 0x3b, 0x79, 0xe5, 0x71, 0x3e, 0x7e, 0xe9, 0x89, 0x3d,
    0xc2, 0xf5, 0x80, 0xbe, 0xee, 0x26, 0xb8, 0x3c, 0x61, 0x63, 0x34, 0xbe,
    0x5a, 0x3e, 0x30, 0x3e, 0xaa, 0x16, 0x7d, 0xbd, 0x4a, 0x61, 0xf4, 0x3d,
    0x2a, 0x56, 0x9b, 0x3d, 0xc2, 0xe3, 0xa4, 0x3d, 0xac, 0x30, 0x9c, 0xbc,
    0x55, 0x8d, 0xe1, 0x3d, 0x21, 0x41, 0x09, 0xbe, 0xbb, 0x59, 0x18, 0xbe,
    0x83, 0x8b, 0xeb, 0xbd, 0x05, 0x8b, 0x19, 0x3e, 0x26, 0xc0, 0x19, 0x3e,
    0x97, 0x62, 0x34, 0xbd, 0x71, 0x89, 0x9c, 0xbe, 0x00, 0x54, 0x22, 0x3e,
    0x14, 0xe0, 0x2a, 0x3d, 0x5b, 0x46, 0xef, 0x3d, 0xda, 0x60, 0xf0, 0xbd,
    0xae, 0x9c, 0x23, 0x3c, 0xc4, 0xb1, 0x02, 0x3e, 0x51, 0x56, 0xdc, 0xbc,
    0xcd, 0x51, 0x3a, 0xbd, 0x17, 0x6b, 0xe6, 0xbd, 0xd4, 0x33, 0x7a, 0xbe,
    0x6f, 0x27, 0x4e, 0x3e, 0x95, 0xbf, 0x92, 0x3d, 0xde, 0xbe, 0x84, 0x3b,
    0xc4, 0xae, 0x22, 0x3e, 0xc7, 0xe8, 0x46, 0x3e, 0x50, 0xfc, 0x92, 0xbe,
    0x80, 0x56, 0xb6, 0xbc, 0xab, 0x87, 0x49, 0xbe, 0x5f, 0x18, 0xfc, 0xbd,
    0xd3, 0x62, 0x1f, 0x3e, 0xcb, 0xd5, 0xdd, 0x3d, 0xe5, 0x3c, 0x54, 0xbe,
    0xab, 0x9b, 0xc2, 0xbd, 0xcf, 0xf6, 0x5a, 0x3e, 0x75, 0xcf, 0x94, 0x3c,
    0xed, 0x9d, 0x16, 0x3e, 0x5c, 0x77, 0xc8, 0xbd, 0xe9, 0x9d, 0xc0, 0x3d,
    0x77, 0x57, 0x27, 0x3d, 0x21, 0x93, 0xd0, 0xbc, 0x6d, 0x40, 0x0d, 0x3d,
    0x95, 0xed, 0x19, 0xbe, 0x27, 0x82, 0xe0, 0x3d, 0xc9, 0x58, 0x04, 0x3e,
    0x61, 0x03, 0x43, 0x3e, 0x03, 0x43, 0x0f, 0x3d, 0xad, 0xd1, 0x83, 0x3e,
    0xe9, 0xb3, 0x3a, 0xbe, 0x4a, 0xc1, 0x57, 0x3d, 0x01, 0x31, 0x35, 0xbd,
    0xc4, 0x3f, 0x42, 0x3d, 0x81, 0xb7, 0xa7, 0x3d, 0xf2, 0x3d, 0xbc, 0x3d,
    0x48, 0xa1, 0xc1, 0xbd, 0xb1, 0x19, 0xe1, 0xbc, 0x75, 0x81, 0x38, 0x3e,
    0xeb, 0xd0, 0x86, 0x3e, 0x32, 0x03, 0x50, 0x3e, 0xf8, 0xcd, 0xf3, 0xbd,
    0x65, 0xd9, 0xab, 0xbc, 0xc7, 0xfe, 0x41, 0xbd, 0x69, 0x5e, 0x3f, 0x3e,
    0x3d, 0x02, 0x6b, 0x3e, 0xea, 0x2a, 0x85, 0x3d, 0xb0, 0x74, 0xce, 0x3d,
    0x66, 0xdc, 0x19, 0x3e, 0x9c, 0x3c, 0x3f, 0x3d, 0x2b, 0xe9, 0x00, 0x3e,
    0x29, 0xe6, 0xde, 0x3d, 0x1b, 0x67, 0x71, 0x3d, 0x8d, 0xd0, 0xd2, 0xbd,
    0x71, 0x6d, 0x3b, 0xbd, 0xda, 0x38, 0x81, 0xbc, 0xcc, 0x85, 0x6e, 0x3e,
    0x14, 0xb9, 0x10, 0x3e, 0x13, 0x49, 0xe0, 0xbd, 0x77, 0x48, 0x92, 0xbd,
    0xb5, 0x10, 0x09, 0x3e, 0x06, 0xc1, 0x59, 0x3e, 0xfb, 0x12, 0x82, 0xbd,
    0x6c, 0xcb, 0x46, 0x3e, 0x5b, 0x04, 0x02, 0x3d, 0x53, 0x7d, 0x03, 0x3e,
    0xb3, 0xb6, 0x0a, 0x3d, 0x8f, 0xa6, 0xf2, 0x3d, 0x00, 0x0c, 0x48, 0x3e,
    0x0b, 0x6f, 0x84, 0x3e, 0xd9, 0x86, 0xb9, 0x3d, 0x5f, 0xc1, 0x19, 0x3d,
    0x40, 0x90, 0xb1, 0xbd, 0x17, 0x5b, 0x39, 0xbe, 0xb4, 0x46, 0xc5, 0xbd,
    0xf6, 0xdf, 0xa7, 0x3d, 0x54, 0x68, 0xba, 0x3d, 0xb0, 0xd9, 0x18, 0x3d,
    0x05, 0x0c, 0x07, 0x3e, 0x4f, 0x7e, 0x30, 0x3e, 0x63, 0x88, 0x66, 0xbd,
    0x5c, 0x26, 0x3c, 0x3e, 0x83, 0xf6, 0x4c, 0x3e, 0x02, 0x7a, 0x93, 0x3d,
    0x47, 0x89, 0x35, 0xbd, 0xe4, 0x69, 0x76, 0x3e, 0x5d, 0x7f, 0x01, 0x3d,
    0x94, 0x7b, 0x7e, 0x3e, 0x15, 0x57, 0x9b, 0x3d, 0x7b, 0xfb, 0x96, 0xbd,
    0x59, 0x12, 0x02, 0xbe, 0xc0, 0x2b, 0xf3, 0xbd, 0x52, 0xe4, 0x83, 0x3e,
    0x6d, 0x97, 0x69, 0xbc, 0xbb, 0x52, 0x2c, 0x3e, 0xe4, 0x19, 0xa7, 0xbd,
    0x9e, 0x0b, 0x14, 0xbe, 0xf8, 0xb7, 0xb5, 0xbd, 0x9b, 0x56, 0x17, 0x3d,
    0xb6, 0x10, 0x85, 0x3e, 0x7c, 0xbe, 0xc6, 0x3d, 0xa5, 0xc3, 0x56, 0xbd,
    0xfd, 0x4e, 0x7d, 0x3e, 0xe8, 0x52, 0xdd, 0x3d, 0x4a, 0x50, 0xc3, 0x3d,
    0x7e, 0x35, 0xd6, 0xbc, 0xcd, 0xac, 0x09, 0xbe, 0xb8, 0xec, 0x63, 0x3e,
    0x76, 0xfd, 0xff, 0xff, 0x04, 0x00, 0x00, 0x00, 0x0c, 0x00, 0x00, 0x00,
    0xff, 0xff, 0xff, 0xff, 0x60, 0x00, 0x00, 0x00, 0x10, 0x00, 0x00, 0x00,
    0x8e, 0xfd, 0xff, 0xff, 0x04, 0x00, 0x00, 0x00, 0x0c, 0x00, 0x00, 0x00,
    0xff, 0xff, 0xff, 0xff, 0x30, 0x00, 0x00, 0x00, 0x10, 0x00, 0x00, 0x00,
    0xa6, 0xfd, 0xff, 0xff, 0x04, 0x00, 0x00, 0x00, 0x0c, 0x00, 0x00, 0x00,
    0xff, 0xff, 0xff, 0xff, 0x2e, 0x00, 0x00, 0x00, 0x20, 0x00, 0x00, 0x00,
    0xbe, 0xfd, 0xff, 0xff, 0x04, 0x00, 0x00, 0x00, 0x28, 0x00, 0x00, 0x00,
    0xdb, 0x13, 0xf6, 0x3c, 0x0c, 0x58, 0xbb, 0x3b, 0xc9, 0x34, 0x0a, 0x3d,
    0x56, 0x79, 0xa2, 0xbc, 0x69, 0x9e, 0x4b, 0x3d, 0xe9, 0x8d, 0x1d, 0xbc,
    0xf2, 0x9a, 0x54, 0xbd, 0xc2, 0x3e, 0x2e, 0x3b, 0xd0, 0xfd, 0x25, 0xbc,
    0xf3, 0x8f, 0x12, 0xbd, 0xf2, 0xfd, 0xff, 0xff, 0x04, 0x00, 0x00, 0x00,
    0x40, 0x00, 0x00, 0x00, 0x5a, 0xe7, 0xc8, 0x3c, 0xd2, 0xaa, 0xd8, 0x3d,
    0x4a, 0x9a, 0x7f, 0x3a, 0x88, 0x37, 0xc4, 0x3d, 0xd7, 0xe1, 0x9e, 0x3d,
    0x6f, 0x93, 0xcb, 0x3d, 0xf8, 0x69, 0xd8, 0x3d, 0x9e, 0xf0, 0x13, 0x3d,
    0x4e, 0xc2, 0x88, 0x3d, 0xf6, 0x7f, 0xa1, 0x3d, 0x86, 0x25, 0xee, 0xbc,
    0x72, 0xb8, 0x8d, 0x3c, 0x02, 0xd6, 0x90, 0x3d, 0x2a, 0x8c, 0x4e, 0x3d,
    0xdd, 0x12, 0x6f, 0xbc, 0x08, 0xa6, 0xee, 0x3c, 0x3e, 0xfe, 0xff, 0xff,
    0x04, 0x00, 0x00, 0x00, 0x80, 0x00, 0x00, 0x00, 0x13, 0xbd, 0xaf, 0x3c,
    0x3a, 0x3a, 0x0b, 0x3d, 0x56, 0xb9, 0x23, 0x3d, 0x80, 0xdc, 0x1d, 0x3b,
    0x87, 0x39, 0x1e, 0x3d, 0x6b, 0xfb, 0xe1, 0x3b, 0xd5, 0x57, 0x4b, 0xbc,
    0x2a, 0xa6, 0x5e, 0x3c, 0xb6, 0x77, 0x66, 0x3c, 0x3f, 0xbf, 0x5c, 0xbc,
    0x79, 0x67, 0x25, 0x3d, 0x0c, 0x02, 0x89, 0x3d, 0x67, 0x53, 0x65, 0x3d,
    0x33, 0x0f, 0xbc, 0x3d, 0x0b, 0xde, 0xda, 0x3d, 0xd4, 0x1c, 0x9c, 0x3c,
    0x51, 0xfe, 0x82, 0x3c, 0xd2, 0xe0, 0x07, 0x3d, 0xb9, 0x3a, 0x4b, 0x3d,
    0x01, 0x2c, 0xbd, 0x3c, 0x48, 0xd8, 0xd2, 0x39, 0x70, 0xfb, 0x82, 0xbc,
    0x02, 0x67, 0x7d, 0x3d, 0x25, 0x41, 0x6c, 0x3c, 0xab, 0x0b, 0xfc, 0x3b,
    0x16, 0xcb, 0x2d, 0x3b, 0x3b, 0x9a, 0x84, 0x3c, 0x81, 0xd1, 0x78, 0x3d,
    0xdc, 0xe8, 0xab, 0x3c, 0x92, 0x10, 0x11, 0x3d, 0x4f, 0xcc, 0xfc, 0x3c,
    0xe4, 0xe7, 0x3b, 0x3d, 0xca, 0xfe, 0xff, 0xff, 0x04, 0x00, 0x00, 0x00,
    0x80, 0x00, 0x00, 0x00, 0xda, 0xee, 0x04, 0xbc, 0x00, 0x00, 0x00, 0x00,
    0xfc, 0x14, 0x88, 0xbc, 0x11, 0x16, 0x99, 0xbc, 0x22, 0x2f, 0xcf, 0xb9,
    0x4a, 0x5d, 0x34, 0x3d, 0x7f, 0x19, 0xc0, 0x3c, 0x3c, 0xa9, 0x63, 0xbc,
    0xce, 0x52, 0x01, 0x3d, 0xb0, 0xad, 0x3c, 0xb8, 0xc2, 0x47, 0xc8, 0xbb,
    0xaa, 0x36, 0x63, 0xbc, 0x20, 0x84, 0x1f, 0x3b, 0x00, 0x00, 0x00, 0x00,
    0x9c, 0xf7, 0x30, 0x3d, 0x1d, 0x20, 0x96, 0x3c, 0x00, 0x00, 0x00, 0x00,
    0x13, 0xde, 0x49, 0xbb, 0xe5, 0x94, 0x1e, 0x3d, 0x22, 0xbf, 0x21, 0xbd,
    0xd0, 0x36, 0x1c, 0x3b, 0x1a, 0x16, 0x41, 0xbc, 0xdc, 0xb1, 0xe9, 0x3c,
    0x3c, 0x70, 0x06, 0x3d, 0x00, 0x00, 0x00, 0x00, 0xcf, 0x6e, 0xca, 0xbc,
    0x78, 0xec, 0x73, 0xbc, 0x23, 0x58, 0x80, 0xbc, 0x91, 0x0e, 0x0b, 0x3d,
    0x5b, 0x2a, 0x00, 0xbd, 0x80, 0xcc, 0xb8, 0x36, 0x0a, 0xa6, 0x33, 0x3d,
    0xd0, 0xee, 0xff, 0xff, 0xd4, 0xee, 0xff, 0xff, 0x0f, 0x00, 0x00, 0x00,
    0x4d, 0x4c, 0x49, 0x52, 0x20, 0x43, 0x6f, 0x6e, 0x76, 0x65, 0x72, 0x74,
    0x65, 0x64, 0x2e, 0x00, 0x01, 0x00, 0x00, 0x00, 0x14, 0x00, 0x00, 0x00,
    0x00, 0x00, 0x0e, 0x00, 0x18, 0x00, 0x14, 0x00, 0x10, 0x00, 0x0c, 0x00,
    0x08, 0x00, 0x04, 0x00, 0x0e, 0x00, 0x00, 0x00, 0x14, 0x00, 0x00, 0x00,
    0x1c, 0x00, 0x00, 0x00, 0x3c, 0x03, 0x00, 0x00, 0x40, 0x03, 0x00, 0x00,
    0x44, 0x03, 0x00, 0x00, 0x04, 0x00, 0x00, 0x00, 0x6d, 0x61, 0x69, 0x6e,
    0x00, 0x00, 0x00, 0x00, 0x0d, 0x00, 0x00, 0x00, 0xf4, 0x02, 0x00, 0x00,
    0x90, 0x02, 0x00, 0x00, 0x58, 0x02, 0x00, 0x00, 0x1c, 0x02, 0x00, 0x00,
    0xc8, 0x01, 0x00, 0x00, 0x90, 0x01, 0x00, 0x00, 0x60, 0x01, 0x00, 0x00,
    0x18, 0x01, 0x00, 0x00, 0xf0, 0x00, 0x00, 0x00, 0xbc, 0x00, 0x00, 0x00,
    0x78, 0x00, 0x00, 0x00, 0x40, 0x00, 0x00, 0x00, 0x04, 0x00, 0x00, 0x00,
    0x6a, 0xfe, 0xff, 0xff, 0x1c, 0x00, 0x00, 0x00, 0x00, 0x00, 0x00, 0x09,
    0x1c, 0x00, 0x00, 0x00, 0x20, 0x00, 0x00, 0x00, 0x06, 0x00, 0x00, 0x00,
    0x00, 0x00, 0x06, 0x00, 0x08, 0x00, 0x04, 0x00, 0x06, 0x00, 0x00, 0x00,
    0x00, 0x00, 0x80, 0x3f, 0x01, 0x00, 0x00, 0x00, 0x1a, 0x00, 0x00, 0x00,
    0x01, 0x00, 0x00, 0x00, 0x19, 0x00, 0x00, 0x00, 0xe6, 0xfd, 0xff, 0xff,
    0x14, 0x00, 0x00, 0x00, 0x00, 0x00, 0x00, 0x08, 0x10, 0x00, 0x00, 0x00,
    0x14, 0x00, 0x00, 0x00, 0x05, 0x00, 0x00, 0x00, 0xb0, 0xef, 0xff, 0xff,
    0x01, 0x00, 0x00, 0x00, 0x19, 0x00, 0x00, 0x00, 0x03, 0x00, 0x00, 0x00,
    0x18, 0x00, 0x00, 0x00, 0x0a, 0x00, 0x00, 0x00, 0x04, 0x00, 0x00, 0x00,
    0xd6, 0xfe, 0xff, 0xff, 0x1c, 0x00, 0x00, 0x00, 0x00, 0x00, 0x00, 0x08,
    0x1c, 0x00, 0x00, 0x00, 0x20, 0x00, 0x00, 0x00, 0x05, 0x00, 0x00, 0x00,
    0x00, 0x00, 0x06, 0x00, 0x08, 0x00, 0x07, 0x00, 0x06, 0x00, 0x00, 0x00,
    0x00, 0x00, 0x00, 0x01, 0x01, 0x00, 0x00, 0x00, 0x18, 0x00, 0x00, 0x00,
    0x03, 0x00, 0x00, 0x00, 0x17, 0x00, 0x00, 0x00, 0x0b, 0x00, 0x00, 0x00,
    0x01, 0x00, 0x00, 0x00, 0x5a, 0xfe, 0xff, 0xff, 0x14, 0x00, 0x00, 0x00,
    0x00, 0x00, 0x00, 0x1b, 0x10, 0x00, 0x00, 0x00, 0x14, 0x00, 0x00, 0x00,
    0x04, 0x00, 0x00, 0x00, 0x24, 0xf0, 0xff, 0xff, 0x01, 0x00, 0x00, 0x00,
    0x17, 0x00, 0x00, 0x00, 0x02, 0x00, 0x00, 0x00, 0x16, 0x00, 0x00, 0x00,
    0x0c, 0x00, 0x00, 0x00, 0xba, 0xfe, 0xff, 0xff, 0x0c, 0x00, 0x00, 0x00,
    0x10, 0x00, 0x00, 0x00, 0x02, 0x00, 0x00, 0x00, 0x01, 0x00, 0x00, 0x00,
    0x16, 0x00, 0x00, 0x00, 0x02, 0x00, 0x00, 0x00, 0x15, 0x00, 0x00, 0x00,
    0x05, 0x00, 0x00, 0x00, 0xae, 0xfe, 0xff, 0xff, 0x14, 0x00, 0x00, 0x00,
    0x00, 0x00, 0x00, 0x01, 0x20, 0x00, 0x00, 0x00, 0x24, 0x00, 0x00, 0x00,
    0x01, 0x00, 0x00, 0x00, 0xa0, 0xfe, 0xff, 0xff, 0x00, 0x00, 0x00, 0x01,
    0x01, 0x00, 0x00, 0x00, 0x01, 0x00, 0x00, 0x00, 0x00, 0x00, 0x00, 0x01,
    0x01, 0x00, 0x00, 0x00, 0x15, 0x00, 0x00, 0x00, 0x03, 0x00, 0x00, 0x00,
    0x14, 0x00, 0x00, 0x00, 0x08, 0x00, 0x00, 0x00, 0x02, 0x00, 0x00, 0x00,
    0x92, 0xfe, 0xff, 0xff, 0x10, 0x00, 0x00, 0x00, 0x00, 0x00, 0x00, 0x34,
    0x0c, 0x00, 0x00, 0x00, 0x10, 0x00, 0x00, 0x00, 0xb8, 0xf0, 0xff, 0xff,
    0x01, 0x00, 0x00, 0x00, 0x14, 0x00, 0x00, 0x00, 0x02, 0x00, 0x00, 0x00,
    0x13, 0x00, 0x00, 0x00, 0x0d, 0x00, 0x00, 0x00, 0x4e, 0xff, 0xff, 0xff,
    0x0c, 0x00, 0x00, 0x00, 0x10, 0x00, 0x00, 0x00, 0x02, 0x00, 0x00, 0x00,
    0x01, 0x00, 0x00, 0x00, 0x13, 0x00, 0x00, 0x00, 0x02, 0x00, 0x00, 0x00,
    0x12, 0x00, 0x00, 0x00, 0x06, 0x00, 0x00, 0x00, 0x00, 0x00, 0x0e, 0x00,
    0x1a, 0x00, 0x14, 0x00, 0x10, 0x00, 0x0c, 0x00, 0x0b, 0x00, 0x04, 0x00,
    0x0e, 0x00, 0x00, 0x00, 0x24, 0x00, 0x00, 0x00, 0x00, 0x00, 0x00, 0x05,
    0x34, 0x00, 0x00, 0x00, 0x38, 0x00, 0x00, 0x00, 0x03, 0x00, 0x00, 0x00,
    0x00, 0x00, 0x0e, 0x00, 0x18, 0x00, 0x17, 0x00, 0x10, 0x00, 0x0c, 0x00,
    0x08, 0x00, 0x04, 0x00, 0x0e, 0x00, 0x00, 0x00, 0x01, 0x00, 0x00, 0x00,
    0x02, 0x00, 0x00, 0x00, 0x01, 0x00, 0x00, 0x00, 0x02, 0x00, 0x00, 0x00,
    0x00, 0x00, 0x00, 0x01, 0x01, 0x00, 0x00, 0x00, 0x12, 0x00, 0x00, 0x00,
    0x01, 0x00, 0x00, 0x00, 0x11, 0x00, 0x00, 0x00, 0x42, 0xff, 0xff, 0xff,
    0x10, 0x00, 0x00, 0x00, 0x00, 0x00, 0x00, 0x34, 0x0c, 0x00, 0x00, 0x00,
    0x10, 0x00, 0x00, 0x00, 0x68, 0xf1, 0xff, 0xff, 0x01, 0x00, 0x00, 0x00,
    0x11, 0x00, 0x00, 0x00, 0x02, 0x00, 0x00, 0x00, 0x10, 0x00, 0x00, 0x00,
    0x0c, 0x00, 0x00, 0x00, 0x00, 0x00, 0x0a, 0x00, 0x10, 0x00, 0x0c, 0x00,
    0x08, 0x00, 0x04, 0x00, 0x0a, 0x00, 0x00, 0x00, 0x0c, 0x00, 0x00, 0x00,
    0x10, 0x00, 0x00, 0x00, 0x02, 0x00, 0x00, 0x00, 0x01, 0x00, 0x00, 0x00,
    0x10, 0x00, 0x00, 0x00, 0x02, 0x00, 0x00, 0x00, 0x0f, 0x00, 0x00, 0x00,
    0x07, 0x00, 0x00, 0x00, 0x00, 0x00, 0x0e, 0x00, 0x18, 0x00, 0x14, 0x00,
    0x10, 0x00, 0x0c, 0x00, 0x0b, 0x00, 0x04, 0x00, 0x0e, 0x00, 0x00, 0x00,
    0x20, 0x00, 0x00, 0x00, 0x00, 0x00, 0x00, 0x01, 0x2c, 0x00, 0x00, 0x00,
    0x30, 0x00, 0x00, 0x00, 0x01, 0x00, 0x00, 0x00, 0x0c, 0x00, 0x14, 0x00,
    0x13, 0x00, 0x0c, 0x00, 0x08, 0x00, 0x07, 0x00, 0x0c, 0x00, 0x00, 0x00,
    0x00, 0x00, 0x00, 0x01, 0x01, 0x00, 0x00, 0x00, 0x01, 0x00, 0x00, 0x00,
    0x00, 0x00, 0x00, 0x01, 0x01, 0x00, 0x00, 0x00, 0x0f, 0x00, 0x00, 0x00,
    0x03, 0x00, 0x00, 0x00, 0x0e, 0x00, 0x00, 0x00, 0x09, 0x00, 0x00, 0x00,
    0x03, 0x00, 0x00, 0x00, 0x00, 0x00, 0x0e, 0x00, 0x14, 0x00, 0x00, 0x00,
    0x10, 0x00, 0x0c, 0x00, 0x0b, 0x00, 0x04, 0x00, 0x0e, 0x00, 0x00, 0x00,
    0x10, 0x00, 0x00, 0x00, 0x00, 0x00, 0x00, 0x34, 0x0c, 0x00, 0x00, 0x00,
    0x10, 0x00, 0x00, 0x00, 0x34, 0xf2, 0xff, 0xff, 0x01, 0x00, 0x00, 0x00,
    0x0e, 0x00, 0x00, 0x00, 0x02, 0x00, 0x00, 0x00, 0x00, 0x00, 0x00, 0x00,
    0x0d, 0x00, 0x00, 0x00, 0x01, 0x00, 0x00, 0x00, 0x1a, 0x00, 0x00, 0x00,
    0x01, 0x00, 0x00, 0x00, 0x00, 0x00, 0x00, 0x00, 0x1b, 0x00, 0x00, 0x00,
    0x74, 0x0d, 0x00, 0x00, 0xf8, 0x0c, 0x00, 0x00, 0x04, 0x0c, 0x00, 0x00,
    0x34, 0x0b, 0x00, 0x00, 0xe8, 0x0a, 0x00, 0x00, 0x8c, 0x0a, 0x00, 0x00,
    0x14, 0x0a, 0x00, 0x00, 0xb8, 0x09, 0x00, 0x00, 0x5c, 0x09, 0x00, 0x00,
    0x00, 0x09, 0x00, 0x00, 0xb0, 0x08, 0x00, 0x00, 0x64, 0x08, 0x00, 0x00,
    0x28, 0x08, 0x00, 0x00, 0xec, 0x07, 0x00, 0x00, 0x6c, 0x07, 0x00, 0x00,
    0x78, 0x06, 0x00, 0x00, 0xac, 0x05, 0x00, 0x00, 0x28, 0x05, 0x00, 0x00,
    0xb0, 0x04, 0x00, 0x00, 0x38, 0x04, 0x00, 0x00, 0xb8, 0x03, 0x00, 0x00,
    0xb8, 0x02, 0x00, 0x00, 0xe4, 0x01, 0x00, 0x00, 0x74, 0x01, 0x00, 0x00,
    0xe0, 0x00, 0x00, 0x00, 0x60, 0x00, 0x00, 0x00, 0x04, 0x00, 0x00, 0x00,
    0x0e, 0xf3, 0xff, 0xff, 0x00, 0x00, 0x00, 0x01, 0x14, 0x00, 0x00, 0x00,
    0x1c, 0x00, 0x00, 0x00, 0x1c, 0x00, 0x00, 0x00, 0x1b, 0x00, 0x00, 0x00,
    0x34, 0x00, 0x00, 0x00, 0x02, 0x00, 0x00, 0x00, 0xff, 0xff, 0xff, 0xff,
    0x0a, 0x00, 0x00, 0x00, 0xf4, 0xf2, 0xff, 0xff, 0x1b, 0x00, 0x00, 0x00,
    0x53, 0x74, 0x61, 0x74, 0x65, 0x66, 0x75, 0x6c, 0x50, 0x61, 0x72, 0x74,
    0x69, 0x74, 0x69, 0x6f, 0x6e, 0x65, 0x64, 0x43, 0x61, 0x6c, 0x6c, 0x5f,
    0x31, 0x3a, 0x30, 0x00, 0x02, 0x00, 0x00, 0x00, 0x01, 0x00, 0x00, 0x00,
    0x0a, 0x00, 0x00, 0x00, 0x66, 0xf3, 0xff, 0xff, 0x00, 0x00, 0x00, 0x01,
    0x14, 0x00, 0x00, 0x00, 0x1c, 0x00, 0x00, 0x00, 0x1c, 0x00, 0x00, 0x00,
    0x1a, 0x00, 0x00, 0x00, 0x58, 0x00, 0x00, 0x00, 0x02, 0x00, 0x00, 0x00,
    0xff, 0xff, 0xff, 0xff, 0x0a, 0x00, 0x00, 0x00, 0x4c, 0xf3, 0xff, 0xff,
    0x3c, 0x00, 0x00, 0x00, 0x73, 0x65, 0x71, 0x75, 0x65, 0x6e, 0x74, 0x69,
    0x61, 0x6c, 0x5f, 0x31, 0x2f, 0x64, 0x65, 0x6e, 0x73, 0x65, 0x5f, 0x31,
    0x5f, 0x32, 0x2f, 0x4d, 0x61, 0x74, 0x4d, 0x75, 0x6c, 0x3b, 0x73, 0x65,
    0x71, 0x75, 0x65, 0x6e, 0x74, 0x69, 0x61, 0x6c, 0x5f, 0x31, 0x2f, 0x64,
    0x65, 0x6e, 0x73, 0x65, 0x5f, 0x31, 0x5f, 0x32, 0x2f, 0x42, 0x69, 0x61,
    0x73, 0x41, 0x64, 0x64, 0x00, 0x00, 0x00, 0x00, 0x02, 0x00, 0x00, 0x00,
    0x01, 0x00, 0x00, 0x00, 0x0a, 0x00, 0x00, 0x00, 0xe2, 0xf3, 0xff, 0xff,
    0x00, 0x00, 0x00, 0x01, 0x14, 0x00, 0x00, 0x00, 0x1c, 0x00, 0x00, 0x00,
    0x1c, 0x00, 0x00, 0x00, 0x19, 0x00, 0x00, 0x00, 0x6c, 0x00, 0x00, 0x00,
    0x02, 0x00, 0x00, 0x00, 0xff, 0xff, 0xff, 0xff, 0x20, 0x00, 0x00, 0x00,
    0xc8, 0xf3, 0xff, 0xff, 0x52, 0x00, 0x00, 0x00, 0x73, 0x65, 0x71, 0x75,
    0x65, 0x6e, 0x74, 0x69, 0x61, 0x6c, 0x5f, 0x31, 0x2f, 0x64, 0x65, 0x6e,
    0x73, 0x65, 0x5f, 0x31, 0x2f, 0x4d, 0x61, 0x74, 0x4d, 0x75, 0x6c, 0x3b,
    0x73, 0x65, 0x71, 0x75, 0x65, 0x6e, 0x74, 0x69, 0x61, 0x6c, 0x5f, 0x31,
    0x2f, 0x64, 0x65, 0x6e, 0x73, 0x65, 0x5f, 0x31, 0x2f, 0x52, 0x65, 0x6c,
    0x75, 0x3b, 0x73, 0x65, 0x71, 0x75, 0x65, 0x6e, 0x74, 0x69, 0x61, 0x6c,
    0x5f, 0x31, 0x2f, 0x64, 0x65, 0x6e, 0x73, 0x65, 0x5f, 0x31, 0x2f, 0x42,
    0x69, 0x61, 0x73, 0x41, 0x64, 0x64, 0x00, 0x00, 0x02, 0x00, 0x00, 0x00,
    0x01, 0x00, 0x00, 0x00, 0x20, 0x00, 0x00, 0x00, 0x72, 0xf4, 0xff, 0xff,
    0x00, 0x00, 0x00, 0x01, 0x14, 0x00, 0x00, 0x00, 0x1c, 0x00, 0x00, 0x00,
    0x1c, 0x00, 0x00, 0x00, 0x18, 0x00, 0x00, 0x00, 0x48, 0x00, 0x00, 0x00,
    0x02, 0x00, 0x00, 0x00, 0xff, 0xff, 0xff, 0xff, 0x20, 0x00, 0x00, 0x00,
    0x58, 0xf4, 0xff, 0xff, 0x2c, 0x00, 0x00, 0x00, 0x73, 0x65, 0x71, 0x75,
    0x65, 0x6e, 0x74, 0x69, 0x61, 0x6c, 0x5f, 0x31, 0x2f, 0x67, 0x6c, 0x6f,
    0x62, 0x61, 0x6c, 0x5f, 0x61, 0x76, 0x65, 0x72, 0x61, 0x67, 0x65, 0x5f,
    0x70, 0x6f, 0x6f, 0x6c, 0x69, 0x6e, 0x67, 0x31, 0x64, 0x5f, 0x31, 0x2f,
    0x4d, 0x65, 0x61, 0x6e, 0x00, 0x00, 0x00, 0x00, 0x02, 0x00, 0x00, 0x00,
    0x01, 0x00, 0x00, 0x00, 0x20, 0x00, 0x00, 0x00, 0xde, 0xf4, 0xff, 0xff,
    0x00, 0x00, 0x00, 0x01, 0x14, 0x00, 0x00, 0x00, 0x20, 0x00, 0x00, 0x00,
    0x20, 0x00, 0x00, 0x00, 0x17, 0x00, 0x00, 0x00, 0xa8, 0x00, 0x00, 0x00,
    0x03, 0x00, 0x00, 0x00, 0xff, 0xff, 0xff, 0xff, 0x2e, 0x00, 0x00, 0x00,
    0x20, 0x00, 0x00, 0x00, 0xc8, 0xf4, 0xff, 0xff, 0x88, 0x00, 0x00, 0x00,
    0x73, 0x65, 0x71, 0x75, 0x65, 0x6e, 0x74, 0x69, 0x61, 0x6c, 0x5f, 0x31,
    0x2f, 0x63, 0x6f, 0x6e, 0x76, 0x31, 0x64, 0x5f, 0x31, 0x5f, 0x32, 0x2f,
    0x52, 0x65, 0x6c, 0x75, 0x3b, 0x73, 0x65, 0x71, 0x75, 0x65, 0x6e, 0x74,
    0x69, 0x61, 0x6c, 0x5f, 0x31, 0x2f, 0x63, 0x6f, 0x6e, 0x76, 0x31, 0x64,
    0x5f, 0x31, 0x5f, 0x32, 0x2f, 0x42, 0x69, 0x61, 0x73, 0x41, 0x64, 0x64,
    0x3b, 0x73, 0x65, 0x71, 0x75, 0x65, 0x6e, 0x74, 0x69, 0x61, 0x6c, 0x5f,
    0x31, 0x2f, 0x63, 0x6f, 0x6e, 0x76, 0x31, 0x64, 0x5f, 0x31, 0x5f, 0x32,
    0x2f, 0x63, 0x6f, 0x6e, 0x76, 0x6f, 0x6c, 0x75, 0x74, 0x69, 0x6f, 0x6e,
    0x2f, 0x53, 0x71, 0x75, 0x65, 0x65, 0x7a, 0x65, 0x3b, 0x73, 0x65, 0x71,
    0x75, 0x65, 0x6e, 0x74, 0x69, 0x61, 0x6c, 0x5f, 0x31, 0x2f, 0x63, 0x6f,
    0x6e, 0x76, 0x31, 0x64, 0x5f, 0x31, 0x5f, 0x32, 0x2f, 0x53, 0x71, 0x75,
    0x65, 0x65, 0x7a, 0x65, 0x00, 0x00, 0x00, 0x00, 0x03, 0x00, 0x00, 0x00,
    0x01, 0x00, 0x00, 0x00, 0x2e, 0x00, 0x00, 0x00, 0x20, 0x00, 0x00, 0x00,
    0xae, 0xf5, 0xff, 0xff, 0x00, 0x00, 0x00, 0x01, 0x14, 0x00, 0x00, 0x00,
    0x24, 0x00, 0x00, 0x00, 0x24, 0x00, 0x00, 0x00, 0x16, 0x00, 0x00, 0x00,
    0xd0, 0x00, 0x00, 0x00, 0x04, 0x00, 0x00, 0x00, 0xff, 0xff, 0xff, 0xff,
    0x01, 0x00, 0x00, 0x00, 0x2e, 0x00, 0x00, 0x00, 0x20, 0x00, 0x00, 0x00,
    0x9c, 0xf5, 0xff, 0xff, 0xad, 0x00, 0x00, 0x00, 0x73, 0x65, 0x71, 0x75,
    0x65, 0x6e, 0x74, 0x69, 0x61, 0x6c, 0x5f, 0x31, 0x2f, 0x63, 0x6f, 0x6e,
    0x76, 0x31, 0x64, 0x5f, 0x31, 0x5f, 0x32, 0x2f, 0x52, 0x65, 0x6c, 0x75,
    0x3b, 0x73, 0x65, 0x71, 0x75, 0x65, 0x6e, 0x74, 0x69, 0x61, 0x6c, 0x5f,
    0x31, 0x2f, 0x63, 0x6f, 0x6e, 0x76, 0x31, 0x64, 0x5f, 0x31, 0x5f, 0x32,
    0x2f, 0x42, 0x69, 0x61, 0x73, 0x41, 0x64, 0x64, 0x3b, 0x73, 0x65, 0x71,
    0x75, 0x65, 0x6e, 0x74, 0x69, 0x61, 0x6c, 0x5f, 0x31, 0x2f, 0x63, 0x6f,
    0x6e, 0x76, 0x31, 0x64, 0x5f, 0x31, 0x5f, 0x32, 0x2f, 0x63, 0x6f, 0x6e,
    0x76, 0x6f, 0x6c, 0x75, 0x74, 0x69, 0x6f, 0x6e, 0x2f, 0x53, 0x71, 0x75,
    0x65, 0x65, 0x7a, 0x65, 0x3b, 0x73, 0x65, 0x71, 0x75, 0x65, 0x6e, 0x74,
    0x69, 0x61, 0x6c, 0x5f, 0x31, 0x2f, 0x63, 0x6f, 0x6e, 0x76, 0x31, 0x64,
    0x5f, 0x31, 0x5f, 0x32, 0x2f, 0x53, 0x71, 0x75, 0x65, 0x65, 0x7a, 0x65,
    0x3b, 0x73, 0x65, 0x71, 0x75, 0x65, 0x6e, 0x74, 0x69, 0x61, 0x6c, 0x5f,
    0x31, 0x2f, 0x63, 0x6f, 0x6e, 0x76, 0x31, 0x64, 0x5f, 0x31, 0x5f, 0x32,
    0x2f, 0x63, 0x6f, 0x6e, 0x76, 0x6f, 0x6c, 0x75, 0x74, 0x69, 0x6f, 0x6e,
    0x31, 0x00, 0x00, 0x00, 0x04, 0x00, 0x00, 0x00, 0x01, 0x00, 0x00, 0x00,
    0x01, 0x00, 0x00, 0x00, 0x2e, 0x00, 0x00, 0x00, 0x20, 0x00, 0x00, 0x00,
    0xaa, 0xf6, 0xff, 0xff, 0x00, 0x00, 0x00, 0x01, 0x14, 0x00, 0x00, 0x00,
    0x24, 0x00, 0x00, 0x00, 0x24, 0x00, 0x00, 0x00, 0x15, 0x00, 0x00, 0x00,
    0x50, 0x00, 0x00, 0x00, 0x04, 0x00, 0x00, 0x00, 0xff, 0xff, 0xff, 0xff,
    0x01, 0x00, 0x00, 0x00, 0x30, 0x00, 0x00, 0x00, 0x10, 0x00, 0x00, 0x00,
    0x98, 0xf6, 0xff, 0xff, 0x2e, 0x00, 0x00, 0x00, 0x73, 0x65, 0x71, 0x75,
    0x65, 0x6e, 0x74, 0x69, 0x61, 0x6c, 0x5f, 0x31, 0x2f, 0x63, 0x6f, 0x6e,
    0x76, 0x31, 0x64, 0x5f, 0x31, 0x5f, 0x32, 0x2f, 0x63, 0x6f, 0x6e, 0x76,
    0x6f, 0x6c, 0x75, 0x74, 0x69, 0x6f, 0x6e, 0x2f, 0x45, 0x78, 0x70, 0x61,
    0x6e, 0x64, 0x44, 0x69, 0x6d, 0x73, 0x00, 0x00, 0x04, 0x00, 0x00, 0x00,
    0x01, 0x00, 0x00, 0x00, 0x01, 0x00, 0x00, 0x00, 0x30, 0x00, 0x00, 0x00,
    0x10, 0x00, 0x00, 0x00, 0x26, 0xf7, 0xff, 0xff, 0x00, 0x00, 0x00, 0x01,
    0x14, 0x00, 0x00, 0x00, 0x20, 0x00, 0x00, 0x00, 0x20, 0x00, 0x00, 0x00,
    0x14, 0x00, 0x00, 0x00, 0x4c, 0x00, 0x00, 0x00, 0x03, 0x00, 0x00, 0x00,
    0xff, 0xff, 0xff, 0xff, 0x30, 0x00, 0x00, 0x00, 0x10, 0x00, 0x00, 0x00,
    0x10, 0xf7, 0xff, 0xff, 0x2f, 0x00, 0x00, 0x00, 0x73, 0x65, 0x71, 0x75,
    0x65, 0x6e, 0x74, 0x69, 0x61, 0x6c, 0x5f, 0x31, 0x2f, 0x6d, 0x61, 0x78,
    0x5f, 0x70, 0x6f, 0x6f, 0x6c, 0x69, 0x6e, 0x67, 0x31, 0x64, 0x5f, 0x31,
    0x2f, 0x4d, 0x61, 0x78, 0x50, 0x6f, 0x6f, 0x6c, 0x31, 0x64, 0x2f, 0x53,
    0x71, 0x75, 0x65, 0x65, 0x7a, 0x65, 0x31, 0x00, 0x03, 0x00, 0x00, 0x00,
    0x01, 0x00, 0x00, 0x00, 0x30, 0x00, 0x00, 0x00, 0x10, 0x00, 0x00, 0x00,
    0x9a, 0xf7, 0xff, 0xff, 0x00, 0x00, 0x00, 0x01, 0x14, 0x00, 0x00, 0x00,
    0x24, 0x00, 0x00, 0x00, 0x24, 0x00, 0x00, 0x00, 0x13, 0x00, 0x00, 0x00,
    0x48, 0x00, 0x00, 0x00, 0x04, 0x00, 0x00, 0x00, 0xff, 0xff, 0xff, 0xff,
    0x01, 0x00, 0x00, 0x00, 0x30, 0x00, 0x00, 0x00, 0x10, 0x00, 0x00, 0x00,
    0x88, 0xf7, 0xff, 0xff, 0x26, 0x00, 0x00, 0x00, 0x73, 0x65, 0x71, 0x75,
    0x65, 0x6e, 0x74, 0x69, 0x61, 0x6c, 0x5f, 0x31, 0x2f, 0x6d, 0x61, 0x78,
    0x5f, 0x70, 0x6f, 0x6f, 0x6c, 0x69, 0x6e, 0x67, 0x31, 0x64, 0x5f, 0x31,
    0x2f, 0x4d, 0x61, 0x78, 0x50, 0x6f, 0x6f, 0x6c, 0x31, 0x64, 0x00, 0x00,
    0x04, 0x00, 0x00, 0x00, 0x01, 0x00, 0x00, 0x00, 0x01, 0x00, 0x00, 0x00,
    0x30, 0x00, 0x00, 0x00, 0x10, 0x00, 0x00, 0x00, 0x0e, 0xf8, 0xff, 0xff,
    0x00, 0x00, 0x00, 0x01, 0x14, 0x00, 0x00, 0x00, 0x24, 0x00, 0x00, 0x00,
    0x24, 0x00, 0x00, 0x00, 0x12, 0x00, 0x00, 0x00, 0x54, 0x00, 0x00, 0x00,
    0x04, 0x00, 0x00, 0x00, 0xff, 0xff, 0xff, 0xff, 0x01, 0x00, 0x00, 0x00,
    0x60, 0x00, 0x00, 0x00, 0x10, 0x00, 0x00, 0x00, 0xfc, 0xf7, 0xff, 0xff,
    0x31, 0x00, 0x00, 0x00, 0x73, 0x65, 0x71, 0x75, 0x65, 0x6e, 0x74, 0x69,
    0x61, 0x6c, 0x5f, 0x31, 0x2f, 0x6d, 0x61, 0x78, 0x5f, 0x70, 0x6f, 0x6f,
    0x6c, 0x69, 0x6e, 0x67, 0x31, 0x64, 0x5f, 0x31, 0x2f, 0x4d, 0x61, 0x78,
    0x50, 0x6f, 0x6f, 0x6c, 0x31, 0x64, 0x2f, 0x45, 0x78, 0x70, 0x61, 0x6e,
    0x64, 0x44, 0x69, 0x6d, 0x73, 0x00, 0x00, 0x00, 0x04, 0x00, 0x00, 0x00,
    0x01, 0x00, 0x00, 0x00, 0x01, 0x00, 0x00, 0x00, 0x60, 0x00, 0x00, 0x00,
    0x10, 0x00, 0x00, 0x00, 0x8e, 0xf8, 0xff, 0xff, 0x00, 0x00, 0x00, 0x01,
    0x14, 0x00, 0x00, 0x00, 0x20, 0x00, 0x00, 0x00, 0x20, 0x00, 0x00, 0x00,
    0x11, 0x00, 0x00, 0x00, 0xa0, 0x00, 0x00, 0x00, 0x03, 0x00, 0x00, 0x00,
    0xff, 0xff, 0xff, 0xff, 0x60, 0x00, 0x00, 0x00, 0x10, 0x00, 0x00, 0x00,
    0x78, 0xf8, 0xff, 0xff, 0x80, 0x00, 0x00, 0x00, 0x73, 0x65, 0x71, 0x75,
    0x65, 0x6e, 0x74, 0x69, 0x61, 0x6c, 0x5f, 0x31, 0x2f, 0x63, 0x6f, 0x6e,
    0x76, 0x31, 0x64, 0x5f, 0x31, 0x2f, 0x52, 0x65, 0x6c, 0x75, 0x3b, 0x73,
    0x65, 0x71, 0x75, 0x65, 0x6e, 0x74, 0x69, 0x61, 0x6c, 0x5f, 0x31, 0x2f,
    0x63, 0x6f, 0x6e, 0x76, 0x31, 0x64, 0x5f, 0x31, 0x2f, 0x42, 0x69, 0x61,
    0x73, 0x41, 0x64, 0x64, 0x3b, 0x73, 0x65, 0x71, 0x75, 0x65, 0x6e, 0x74,
    0x69, 0x61, 0x6c, 0x5f, 0x31, 0x2f, 0x63, 0x6f, 0x6e, 0x76, 0x31, 0x64,
    0x5f, 0x31, 0x2f, 0x63, 0x6f, 0x6e, 0x76, 0x6f, 0x6c, 0x75, 0x74, 0x69,
    0x6f, 0x6e, 0x2f, 0x53, 0x71, 0x75, 0x65, 0x65, 0x7a, 0x65, 0x3b, 0x73,
    0x65, 0x71, 0x75, 0x65, 0x6e, 0x74, 0x69, 0x61, 0x6c, 0x5f, 0x31, 0x2f,
    0x63, 0x6f, 0x6e, 0x76, 0x31, 0x64, 0x5f, 0x31, 0x2f, 0x53, 0x71, 0x75,
    0x65, 0x65, 0x7a, 0x65, 0x00, 0x00, 0x00, 0x00, 0x03, 0x00, 0x00, 0x00,
    0x01, 0x00, 0x00, 0x00, 0x60, 0x00, 0x00, 0x00, 0x10, 0x00, 0x00, 0x00,
    0x56, 0xf9, 0xff, 0xff, 0x00, 0x00, 0x00, 0x01, 0x14, 0x00, 0x00, 0x00,
    0x24, 0x00, 0x00, 0x00, 0x24, 0x00, 0x00, 0x00, 0x10, 0x00, 0x00, 0x00,
    0xc4, 0x00, 0x00, 0x00, 0x04, 0x00, 0x00, 0x00, 0xff, 0xff, 0xff, 0xff,
    0x01, 0x00, 0x00, 0x00, 0x60, 0x00, 0x00, 0x00, 0x10, 0x00, 0x00, 0x00,
    0x44, 0xf9, 0xff, 0xff, 0xa3, 0x00, 0x00, 0x00, 0x73, 0x65, 0x71, 0x75,
    0x65, 0x6e, 0x74, 0x69, 0x61, 0x6c, 0x5f, 0x31, 0x2f, 0x63, 0x6f, 0x6e,
    0x76, 0x31, 0x64, 0x5f, 0x31, 0x2f, 0x52, 0x65, 0x6c, 0x75, 0x3b, 0x73,
    0x65, 0x71, 0x75, 0x65, 0x6e, 0x74, 0x69, 0x61, 0x6c, 0x5f, 0x31, 0x2f,
    0x63, 0x6f, 0x6e, 0x76, 0x31, 0x64, 0x5f, 0x31, 0x2f, 0x42, 0x69, 0x61,
    0x73, 0x41, 0x64, 0x64, 0x3b, 0x73, 0x65, 0x71, 0x75, 0x65, 0x6e, 0x74,
    0x69, 0x61, 0x6c, 0x5f, 0x31, 0x2f, 0x63, 0x6f, 0x6e, 0x76, 0x31, 0x64,
    0x5f, 0x31, 0x2f, 0x63, 0x6f, 0x6e, 0x76, 0x6f, 0x6c, 0x75, 0x74, 0x69,
    0x6f, 0x6e, 0x2f, 0x53, 0x71, 0x75, 0x65, 0x65, 0x7a, 0x65, 0x3b, 0x73,
    0x65, 0x71, 0x75, 0x65, 0x6e, 0x74, 0x69, 0x61, 0x6c, 0x5f, 0x31, 0x2f,
    0x63, 0x6f, 0x6e, 0x76, 0x31, 0x64, 0x5f, 0x31, 0x2f, 0x53, 0x71, 0x75,
    0x65, 0x65, 0x7a, 0x65, 0x3b, 0x73, 0x65, 0x71, 0x75, 0x65, 0x6e, 0x74,
    0x69, 0x61, 0x6c, 0x5f, 0x31, 0x2f, 0x63, 0x6f, 0x6e, 0x76, 0x31, 0x64,
    0x5f, 0x31, 0x2f, 0x63, 0x6f, 0x6e, 0x76, 0x6f, 0x6c, 0x75, 0x74, 0x69,
    0x6f, 0x6e, 0x31, 0x00, 0x04, 0x00, 0x00, 0x00, 0x01, 0x00, 0x00, 0x00,
    0x01, 0x00, 0x00, 0x00, 0x60, 0x00, 0x00, 0x00, 0x10, 0x00, 0x00, 0x00,
    0x46, 0xfa, 0xff, 0xff, 0x00, 0x00, 0x00, 0x01, 0x14, 0x00, 0x00, 0x00,
    0x24, 0x00, 0x00, 0x00, 0x24, 0x00, 0x00, 0x00, 0x0f, 0x00, 0x00, 0x00,
    0x50, 0x00, 0x00, 0x00, 0x04, 0x00, 0x00, 0x00, 0xff, 0xff, 0xff, 0xff,
    0x01, 0x00, 0x00, 0x00, 0x64, 0x00, 0x00, 0x00, 0x06, 0x00, 0x00, 0x00,
    0x34, 0xfa, 0xff, 0xff, 0x2c, 0x00, 0x00, 0x00, 0x73, 0x65, 0x71, 0x75,
    0x65, 0x6e, 0x74, 0x69, 0x61, 0x6c, 0x5f, 0x31, 0x2f, 0x63, 0x6f, 0x6e,
    0x76, 0x31, 0x64, 0x5f, 0x31, 0x2f, 0x63, 0x6f, 0x6e, 0x76, 0x6f, 0x6c,
    0x75, 0x74, 0x69, 0x6f, 0x6e, 0x2f, 0x45, 0x78, 0x70, 0x61, 0x6e, 0x64,
    0x44, 0x69, 0x6d, 0x73, 0x00, 0x00, 0x00, 0x00, 0x04, 0x00, 0x00, 0x00,
    0x01, 0x00, 0x00, 0x00, 0x01, 0x00, 0x00, 0x00, 0x64, 0x00, 0x00, 0x00,
    0x06, 0x00, 0x00, 0x00, 0x96, 0xfd, 0xff, 0xff, 0x00, 0x00, 0x00, 0x01,
    0x14, 0x00, 0x00, 0x00, 0x14, 0x00, 0x00, 0x00, 0x0e, 0x00, 0x00, 0x00,
    0x00, 0x00, 0x00, 0x02, 0x1c, 0x00, 0x00, 0x00, 0x9c, 0xfa, 0xff, 0xff,
    0x0f, 0x00, 0x00, 0x00, 0x61, 0x72, 0x69, 0x74, 0x68, 0x2e, 0x63, 0x6f,
    0x6e, 0x73, 0x74, 0x61, 0x6e, 0x74, 0x31, 0x00, 0x00, 0x00, 0x00, 0x00,
    0xce, 0xfd, 0xff, 0xff, 0x00, 0x00, 0x00, 0x01, 0x14, 0x00, 0x00, 0x00,
    0x14, 0x00, 0x00, 0x00, 0x0d, 0x00, 0x00, 0x00, 0x00, 0x00, 0x00, 0x02,
    0x1c, 0x00, 0x00, 0x00, 0xd4, 0xfa, 0xff, 0xff, 0x0e, 0x00, 0x00, 0x00,
    0x61, 0x72, 0x69, 0x74, 0x68, 0x2e, 0x63, 0x6f, 0x6e, 0x73, 0x74, 0x61,
    0x6e, 0x74, 0x00, 0x00, 0x00, 0x00, 0x00, 0x00, 0xaa, 0xfb, 0xff, 0xff,
    0x00, 0x00, 0x00, 0x01, 0x10, 0x00, 0x00, 0x00, 0x10, 0x00, 0x00, 0x00,
    0x0c, 0x00, 0x00, 0x00, 0x28, 0x00, 0x00, 0x00, 0x08, 0xfb, 0xff, 0xff,
    0x1b, 0x00, 0x00, 0x00, 0x73, 0x65, 0x71, 0x75, 0x65, 0x6e, 0x74, 0x69,
    0x61, 0x6c, 0x5f, 0x31, 0x2f, 0x64, 0x65, 0x6e, 0x73, 0x65, 0x5f, 0x31,
    0x2f, 0x4d, 0x61, 0x74, 0x4d, 0x75, 0x6c, 0x00, 0x02, 0x00, 0x00, 0x00,
    0x20, 0x00, 0x00, 0x00, 0x20, 0x00, 0x00, 0x00, 0xf2, 0xfb, 0xff, 0xff,
    0x00, 0x00, 0x00, 0x01, 0x10, 0x00, 0x00, 0x00, 0x10, 0x00, 0x00, 0x00,
    0x0b, 0x00, 0x00, 0x00, 0x2c, 0x00, 0x00, 0x00, 0x50, 0xfb, 0xff, 0xff,
    0x1d, 0x00, 0x00, 0x00, 0x73, 0x65, 0x71, 0x75, 0x65, 0x6e, 0x74, 0x69,
    0x61, 0x6c, 0x5f, 0x31, 0x2f, 0x64, 0x65, 0x6e, 0x73, 0x65, 0x5f, 0x31,
    0x5f, 0x32, 0x2f, 0x4d, 0x61, 0x74, 0x4d, 0x75, 0x6c, 0x00, 0x00, 0x00,
    0x02, 0x00, 0x00, 0x00, 0x0a, 0x00, 0x00, 0x00, 0x20, 0x00, 0x00, 0x00,
    0x3e, 0xfc, 0xff, 0xff, 0x00, 0x00, 0x00, 0x01, 0x10, 0x00, 0x00, 0x00,
    0x10, 0x00, 0x00, 0x00, 0x0a, 0x00, 0x00, 0x00, 0x30, 0x00, 0x00, 0x00,
    0x9c, 0xfb, 0xff, 0xff, 0x21, 0x00, 0x00, 0x00, 0x73, 0x65, 0x71, 0x75,
    0x65, 0x6e, 0x74, 0x69, 0x61, 0x6c, 0x5f, 0x31, 0x2f, 0x63, 0x6f, 0x6e,
    0x76, 0x31, 0x64, 0x5f, 0x31, 0x2f, 0x63, 0x6f, 0x6e, 0x76, 0x6f, 0x6c,
    0x75, 0x74, 0x69, 0x6f, 0x6e, 0x00, 0x00, 0x00, 0x04, 0x00, 0x00, 0x00,
    0x10, 0x00, 0x00, 0x00, 0x01, 0x00, 0x00, 0x00, 0x05, 0x00, 0x00, 0x00,
    0x06, 0x00, 0x00, 0x00, 0x96, 0xfc, 0xff, 0xff, 0x00, 0x00, 0x00, 0x01,
    0x10, 0x00, 0x00, 0x00, 0x10, 0x00, 0x00, 0x00, 0x09, 0x00, 0x00, 0x00,
    0x30, 0x00, 0x00, 0x00, 0xf4, 0xfb, 0xff, 0xff, 0x23, 0x00, 0x00, 0x00,
    0x73, 0x65, 0x71, 0x75, 0x65, 0x6e, 0x74, 0x69, 0x61, 0x6c, 0x5f, 0x31,
    0x2f, 0x63, 0x6f, 0x6e, 0x76, 0x31, 0x64, 0x5f, 0x31, 0x5f, 0x32, 0x2f,
    0x63, 0x6f, 0x6e, 0x76, 0x6f, 0x6c, 0x75, 0x74, 0x69, 0x6f, 0x6e, 0x00,
    0x04, 0x00, 0x00, 0x00, 0x20, 0x00, 0x00, 0x00, 0x01, 0x00, 0x00, 0x00,
    0x03, 0x00, 0x00, 0x00, 0x10, 0x00, 0x00, 0x00, 0x4a, 0xff, 0xff, 0xff,
    0x00, 0x00, 0x00, 0x01, 0x14, 0x00, 0x00, 0x00, 0x14, 0x00, 0x00, 0x00,
    0x08, 0x00, 0x00, 0x00, 0x00, 0x00, 0x00, 0x02, 0x38, 0x00, 0x00, 0x00,
    0x50, 0xfc, 0xff, 0xff, 0x29, 0x00, 0x00, 0x00, 0x73, 0x65, 0x71, 0x75,
    0x65, 0x6e, 0x74, 0x69, 0x61, 0x6c, 0x5f, 0x31, 0x2f, 0x63, 0x6f, 0x6e,
    0x76, 0x31, 0x64, 0x5f, 0x31, 0x2f, 0x63, 0x6f, 0x6e, 0x76, 0x6f, 0x6c,
    0x75, 0x74, 0x69, 0x6f, 0x6e, 0x2f, 0x53, 0x71, 0x75, 0x65, 0x65, 0x7a,
    0x65, 0x00, 0x00, 0x00, 0x01, 0x00, 0x00, 0x00, 0x03, 0x00, 0x00, 0x00,
    0xa2, 0xff, 0xff, 0xff, 0x00, 0x00, 0x00, 0x01, 0x14, 0x00, 0x00, 0x00,
    0x14, 0x00, 0x00, 0x00, 0x07, 0x00, 0x00, 0x00, 0x00, 0x00, 0x00, 0x02,
    0x3c, 0x00, 0x00, 0x00, 0xa8, 0xfc, 0xff, 0xff, 0x2e, 0x00, 0x00, 0x00,
    0x73, 0x65, 0x71, 0x75, 0x65, 0x6e, 0x74, 0x69, 0x61, 0x6c, 0x5f, 0x31,
    0x2f, 0x6d, 0x61, 0x78, 0x5f, 0x70, 0x6f, 0x6f, 0x6c, 0x69, 0x6e, 0x67,
    0x31, 0x64, 0x5f, 0x31, 0x2f, 0x4d, 0x61, 0x78, 0x50, 0x6f, 0x6f, 0x6c,
    0x31, 0x64, 0x2f, 0x53, 0x71, 0x75, 0x65, 0x65, 0x7a, 0x65, 0x00, 0x00,
    0x01, 0x00, 0x00, 0x00, 0x03, 0x00, 0x00, 0x00, 0x00, 0x00, 0x16, 0x00,
    0x1c, 0x00, 0x18, 0x00, 0x17, 0x00, 0x10, 0x00, 0x0c, 0x00, 0x08, 0x00,
    0x00, 0x00, 0x00, 0x00, 0x00, 0x00, 0x07, 0x00, 0x16, 0x00, 0x00, 0x00,
    0x00, 0x00, 0x00, 0x01, 0x14, 0x00, 0x00, 0x00, 0x14, 0x00, 0x00, 0x00,
    0x06, 0x00, 0x00, 0x00, 0x00, 0x00, 0x00, 0x02, 0x38, 0x00, 0x00, 0x00,
    0x1c, 0xfd, 0xff, 0xff, 0x2b, 0x00, 0x00, 0x00, 0x73, 0x65, 0x71, 0x75,
    0x65, 0x6e, 0x74, 0x69, 0x61, 0x6c, 0x5f, 0x31, 0x2f, 0x63, 0x6f, 0x6e,
    0x76, 0x31, 0x64, 0x5f, 0x31, 0x5f, 0x32, 0x2f, 0x63, 0x6f, 0x6e, 0x76,
    0x6f, 0x6c, 0x75, 0x74, 0x69, 0x6f, 0x6e, 0x2f, 0x53, 0x71, 0x75, 0x65,
    0x65, 0x7a, 0x65, 0x00, 0x01, 0x00, 0x00, 0x00, 0x03, 0x00, 0x00, 0x00,
    0x12, 0xfe, 0xff, 0xff, 0x00, 0x00, 0x00, 0x01, 0x10, 0x00, 0x00, 0x00,
    0x10, 0x00, 0x00, 0x00, 0x05, 0x00, 0x00, 0x00, 0x2c, 0x00, 0x00, 0x00,
    0x70, 0xfd, 0xff, 0xff, 0x1e, 0x00, 0x00, 0x00, 0x73, 0x65, 0x71, 0x75,
    0x65, 0x6e, 0x74, 0x69, 0x61, 0x6c, 0x5f, 0x31, 0x2f, 0x64, 0x65, 0x6e,
    0x73, 0x65, 0x5f, 0x31, 0x5f, 0x32, 0x2f, 0x42, 0x69, 0x61, 0x73, 0x41,
    0x64, 0x64, 0x00, 0x00, 0x01, 0x00, 0x00, 0x00, 0x0a, 0x00, 0x00, 0x00,
    0x5a, 0xfe, 0xff, 0xff, 0x00, 0x00, 0x00, 0x01, 0x10, 0x00, 0x00, 0x00,
    0x10, 0x00, 0x00, 0x00, 0x04, 0x00, 0x00, 0x00, 0xb0, 0x00, 0x00, 0x00,
    0xb8, 0xfd, 0xff, 0xff, 0xa2, 0x00, 0x00, 0x00, 0x73, 0x65, 0x71, 0x75,
    0x65, 0x6e, 0x74, 0x69, 0x61, 0x6c, 0x5f, 0x31, 0x2f, 0x63, 0x6f, 0x6e,
    0x76, 0x31, 0x64, 0x5f, 0x31, 0x2f, 0x52, 0x65, 0x6c, 0x75, 0x3b, 0x73,
    0x65, 0x71, 0x75, 0x65, 0x6e, 0x74, 0x69, 0x61, 0x6c, 0x5f, 0x31, 0x2f,
    0x63, 0x6f, 0x6e, 0x76, 0x31, 0x64, 0x5f, 0x31, 0x2f, 0x42, 0x69, 0x61,
    0x73, 0x41, 0x64, 0x64, 0x3b, 0x73, 0x65, 0x71, 0x75, 0x65, 0x6e, 0x74,
    0x69, 0x61, 0x6c, 0x5f, 0x31, 0x2f, 0x63, 0x6f, 0x6e, 0x76, 0x31, 0x64,
    0x5f, 0x31, 0x2f, 0x63, 0x6f, 0x6e, 0x76, 0x6f, 0x6c, 0x75, 0x74, 0x69,
    0x6f, 0x6e, 0x2f, 0x53, 0x71, 0x75, 0x65, 0x65, 0x7a, 0x65, 0x3b, 0x73,
    0x65, 0x71, 0x75, 0x65, 0x6e, 0x74, 0x69, 0x61, 0x6c, 0x5f, 0x31, 0x2f,
    0x63, 0x6f, 0x6e, 0x76, 0x31, 0x64, 0x5f, 0x31, 0x2f, 0x53, 0x71, 0x75,
    0x65, 0x65, 0x7a, 0x65, 0x3b, 0x73, 0x65, 0x71, 0x75, 0x65, 0x6e, 0x74,
    0x69, 0x61, 0x6c, 0x5f, 0x31, 0x2f, 0x63, 0x6f, 0x6e, 0x76, 0x31, 0x64,
    0x5f, 0x31, 0x2f, 0x63, 0x6f, 0x6e, 0x76, 0x6f, 0x6c, 0x75, 0x74, 0x69,
    0x6f, 0x6e, 0x00, 0x00, 0x01, 0x00, 0x00, 0x00, 0x10, 0x00, 0x00, 0x00,
    0x26, 0xff, 0xff, 0xff, 0x00, 0x00, 0x00, 0x01, 0x10, 0x00, 0x00, 0x00,
    0x10, 0x00, 0x00, 0x00, 0x03, 0x00, 0x00, 0x00, 0xbc, 0x00, 0x00, 0x00,
    0x84, 0xfe, 0xff, 0xff, 0xac, 0x00, 0x00, 0x00, 0x73, 0x65, 0x71, 0x75,
    0x65, 0x6e, 0x74, 0x69, 0x61, 0x6c, 0x5f, 0x31, 0x2f, 0x63, 0x6f, 0x6e,
    0x76, 0x31, 0x64, 0x5f, 0x31, 0x5f, 0x32, 0x2f, 0x52, 0x65, 0x6c, 0x75,
    0x3b, 0x73, 0x65, 0x71, 0x75, 0x65, 0x6e, 0x74, 0x69, 0x61, 0x6c, 0x5f,
    0x31, 0x2f, 0x63, 0x6f, 0x6e, 0x76, 0x31, 0x64, 0x5f, 0x31, 0x5f, 0x32,
    0x2f, 0x42, 0x69, 0x61, 0x73, 0x41, 0x64, 0x64, 0x3b, 0x73, 0x65, 0x71,
    0x75, 0x65, 0x6e, 0x74, 0x69, 0x61, 0x6c, 0x5f, 0x31, 0x2f, 0x63, 0x6f,
    0x6e, 0x76, 0x31, 0x64, 0x5f, 0x31, 0x5f, 0x32, 0x2f, 0x63, 0x6f, 0x6e,
    0x76, 0x6f, 0x6c, 0x75, 0x74, 0x69, 0x6f, 0x6e, 0x2f, 0x53, 0x71, 0x75,
    0x65, 0x65, 0x7a, 0x65, 0x3b, 0x73, 0x65, 0x71, 0x75, 0x65, 0x6e, 0x74,
    0x69, 0x61, 0x6c, 0x5f, 0x31, 0x2f, 0x63, 0x6f, 0x6e, 0x76, 0x31, 0x64,
    0x5f, 0x31, 0x5f, 0x32, 0x2f, 0x53, 0x71, 0x75, 0x65, 0x65, 0x7a, 0x65,
    0x3b, 0x73, 0x65, 0x71, 0x75, 0x65, 0x6e, 0x74, 0x69, 0x61, 0x6c, 0x5f,
    0x31, 0x2f, 0x63, 0x6f, 0x6e, 0x76, 0x31, 0x64, 0x5f, 0x31, 0x5f, 0x32,
    0x2f, 0x63, 0x6f, 0x6e, 0x76, 0x6f, 0x6c, 0x75, 0x74, 0x69, 0x6f, 0x6e,
    0x00, 0x00, 0x00, 0x00, 0x01, 0x00, 0x00, 0x00, 0x20, 0x00, 0x00, 0x00,
    0x00, 0x00, 0x16, 0x00, 0x18, 0x00, 0x14, 0x00, 0x00, 0x00, 0x10, 0x00,
    0x0c, 0x00, 0x08, 0x00, 0x00, 0x00, 0x00, 0x00, 0x00, 0x00, 0x07, 0x00,
    0x16, 0x00, 0x00, 0x00, 0x00, 0x00, 0x00, 0x01, 0x10, 0x00, 0x00, 0x00,
    0x10, 0x00, 0x00, 0x00, 0x02, 0x00, 0x00, 0x00, 0x44, 0x00, 0x00, 0x00,
    0x74, 0xff, 0xff, 0xff, 0x36, 0x00, 0x00, 0x00, 0x73, 0x65, 0x71, 0x75,
    0x65, 0x6e, 0x74, 0x69, 0x61, 0x6c, 0x5f, 0x31, 0x2f, 0x64, 0x65, 0x6e,
    0x73, 0x65, 0x5f, 0x31, 0x2f, 0x52, 0x65, 0x6c, 0x75, 0x3b, 0x73, 0x65,
    0x71, 0x75, 0x65, 0x6e, 0x74, 0x69, 0x61, 0x6c, 0x5f, 0x31, 0x2f, 0x64,
    0x65, 0x6e, 0x73, 0x65, 0x5f, 0x31, 0x2f, 0x42, 0x69, 0x61, 0x73, 0x41,
    0x64, 0x64, 0x00, 0x00, 0x01, 0x00, 0x00, 0x00, 0x20, 0x00, 0x00, 0x00,
    0x00, 0x00, 0x16, 0x00, 0x1c, 0x00, 0x18, 0x00, 0x00, 0x00, 0x14, 0x00,
    0x10, 0x00, 0x0c, 0x00, 0x00, 0x00, 0x00, 0x00, 0x08, 0x00, 0x07, 0x00,
    0x16, 0x00, 0x00, 0x00, 0x00, 0x00, 0x00, 0x01, 0x14, 0x00, 0x00, 0x00,
    0x24, 0x00, 0x00, 0x00, 0x24, 0x00, 0x00, 0x00, 0x01, 0x00, 0x00, 0x00,
    0x40, 0x00, 0x00, 0x00, 0x03, 0x00, 0x00, 0x00, 0xff, 0xff, 0xff, 0xff,
    0x64, 0x00, 0x00, 0x00, 0x06, 0x00, 0x00, 0x00, 0x04, 0x00, 0x04, 0x00,
    0x04, 0x00, 0x00, 0x00, 0x1e, 0x00, 0x00, 0x00, 0x73, 0x65, 0x72, 0x76,
    0x69, 0x6e, 0x67, 0x5f, 0x64, 0x65, 0x66, 0x61, 0x75, 0x6c, 0x74, 0x5f,
    0x6b, 0x65, 0x72, 0x61, 0x73, 0x5f, 0x74, 0x65, 0x6e, 0x73, 0x6f, 0x72,
    0x3a, 0x30, 0x00, 0x00, 0x03, 0x00, 0x00, 0x00, 0x01, 0x00, 0x00, 0x00,
    0x64, 0x00, 0x00, 0x00, 0x06, 0x00, 0x00, 0x00, 0x07, 0x00, 0x00, 0x00,
    0x70, 0x00, 0x00, 0x00, 0x54, 0x00, 0x00, 0x00, 0x44, 0x00, 0x00, 0x00,
    0x34, 0x00, 0x00, 0x00, 0x24, 0x00, 0x00, 0x00, 0x14, 0x00, 0x00, 0x00,
    0x04, 0x00, 0x00, 0x00, 0xb8, 0xff, 0xff, 0xff, 0x19, 0x00, 0x00, 0x00,
    0x00, 0x00, 0x00, 0x19, 0xc4, 0xff, 0xff, 0xff, 0x09, 0x00, 0x00, 0x00,
    0x00, 0x00, 0x00, 0x09, 0xd0, 0xff, 0xff, 0xff, 0x28, 0x00, 0x00, 0x00,
    0x00, 0x00, 0x00, 0x28, 0xdc, 0xff, 0xff, 0xff, 0x11, 0x00, 0x00, 0x00,
    0x00, 0x00, 0x00, 0x11, 0xe8, 0xff, 0xff, 0xff, 0x16, 0x00, 0x00, 0x00,
    0x00, 0x00, 0x00, 0x16, 0xf4, 0xff, 0xff, 0xff, 0x03, 0x00, 0x00, 0x00,
    0x00, 0x00, 0x00, 0x03, 0x0c, 0x00, 0x0c, 0x00, 0x0b, 0x00, 0x00, 0x00,
    0x00, 0x00, 0x04, 0x00, 0x0c, 0x00, 0x00, 0x00, 0x46, 0x00, 0x00, 0x00,
    0x00, 0x00, 0x00, 0x46};

// 模型大小
const int person_detect_model_data_size = 19168;

// Scaler 参数（用于特征标准化：normalized = (x - mean) / scale）
const float scaler_mean[] = {7223.80001036f, -2201.78476457f, 12451.29397876f, -287.56024398f, 14.05736234f, -81.51817767f};
const int scaler_mean_size = 6;

const float scaler_scale[] = {9352.82840754f, 4352.38597070f, 8421.04851412f, 1235.35173663f, 329.59777914f, 1225.38516935f};
const int scaler_scale_size = 6;
